Time,X,Y,Z
1.089e-05,7.79885,6.94045,0
0.0166384,7.80415,6.9418,0
0.0333021,7.80946,6.94314,0
0.0499697,7.81477,6.94446,0
0.0666325,7.82007,6.94577,0
0.0833068,7.82537,6.94706,0
0.0999707,7.83066,6.94834,0
0.116631,7.83594,6.9496,0
0.133303,7.84122,6.95085,0
0.149969,7.8465,6.95208,0
0.166637,7.85177,6.95329,0
0.183304,7.85703,6.95449,0
0.19997,7.86229,6.95568,0
0.216639,7.86755,6.95685,0
0.233302,7.87279,6.958,0
0.249973,7.87804,6.95914,0
0.26664,7.88328,6.96026,0
0.283306,7.88851,6.96137,0
0.299971,7.89374,6.96246,0
0.316644,7.89897,6.96353,0
0.333305,7.90419,6.96459,0
0.349972,7.9094,6.96564,0
0.36664,7.91461,6.96667,0
0.383309,7.91982,6.96768,0
0.399974,7.92501,6.96868,0
0.416644,7.93021,6.96966,0
0.433311,7.9354,6.97063,0
0.449926,7.94056,6.97158,0
0.466638,7.94576,6.97251,0
0.483305,7.95093,6.97343,0
0.499979,7.9561,6.97434,0
0.516639,7.96126,6.97523,0
0.533309,7.96642,6.9761,0
0.549973,7.97157,6.97696,0
0.566646,7.97672,6.9778,0
0.583315,7.98186,6.97863,0
0.599974,7.98699,6.97944,0
0.616645,7.99213,6.98023,0
0.633313,7.99725,6.98101,0
0.649974,8.00237,6.98178,0
0.666634,8.00749,6.98252,0
0.683313,8.0126,6.98326,0
0.699975,8.0177,6.98397,0
0.716635,8.0228,6.98467,0
0.733302,8.0279,6.98536,0
0.749973,8.03299,6.98603,0
0.766635,8.03807,6.98669,0
0.7833,8.04315,6.98732,0
0.799963,8.04822,6.98795,0
0.81664,8.05329,6.98855,0
0.833301,8.05835,6.98915,0
0.850008,8.06342,6.98972,0
0.866633,8.06846,6.99028,0
0.883308,8.07351,6.99083,0
0.899932,8.07854,6.99135,0
0.916634,8.08358,6.99187,0
0.933301,8.08862,6.99237,0
0.949972,8.09364,6.99285,0
0.966635,8.09866,6.99332,0
0.983306,8.10368,6.99377,0
0.999965,8.10868,6.9942,0
1.01663,8.11369,6.99462,0
1.03331,8.11869,6.99502,0
1.04997,8.12368,6.99541,0
1.06664,8.12867,6.99578,0
1.08331,8.13365,6.99614,0
1.09998,8.13863,6.99648,0
1.11659,8.14359,6.9968,0
1.13331,8.14857,6.99711,0
1.14997,8.15353,6.99741,0
1.16664,8.15848,6.99768,0
1.1833,8.16343,6.99795,0
1.19997,8.16838,6.99819,0
1.21664,8.17331,6.99842,0
1.23331,8.17825,6.99864,0
1.24997,8.18317,6.99884,0
1.26663,8.1881,6.99902,0
1.2833,8.19301,6.99919,0
1.29998,8.19793,6.99934,0
1.31664,8.20283,6.99948,0
1.3333,8.20773,6.9996,0
1.34997,8.21262,6.9997,0
1.36663,8.21751,6.99979,0
1.38331,8.2224,6.99986,0
1.39997,8.22728,6.99992,0
1.41663,8.23215,6.99996,0
1.4333,8.23701,6.99999,0
1.44997,8.24188,7,0
1.46664,8.24673,6.99999,0
1.48331,8.25158,6.99997,0
1.49997,8.25643,6.99994,0
1.51664,8.26127,6.99988,0
1.5333,8.2661,6.99982,0
1.54997,8.27093,6.99973,0
1.56664,8.27575,6.99963,0
1.58331,8.28057,6.99952,0
1.59997,8.28538,6.99938,0
1.61664,8.29018,6.99924,0
1.6333,8.29498,6.99908,0
1.64997,8.29978,6.9989,0
1.66663,8.30457,6.9987,0
1.68331,8.30935,6.99849,0
1.69997,8.31413,6.99827,0
1.71664,8.3189,6.99803,0
1.7333,8.32366,6.99777,0
1.74997,8.32843,6.9975,0
1.76664,8.33318,6.99721,0
1.78332,8.33793,6.9969,0
1.79998,8.34267,6.99658,0
1.81664,8.34741,6.99625,0
1.83331,8.35214,6.9959,0
1.84998,8.35687,6.99553,0
1.86664,8.36159,6.99515,0
1.88331,8.36631,6.99475,0
1.89997,8.37101,6.99433,0
1.91664,8.37572,6.9939,0
1.93331,8.38042,6.99346,0
1.94997,8.38511,6.993,0
1.96664,8.38979,6.99252,0
1.9833,8.39447,6.99203,0
1.99997,8.39915,6.99152,0
2.01665,8.40382,6.99099,0
2.03331,8.40848,6.99046,0
2.04998,8.41314,6.9899,0
2.06667,8.4178,6.98933,0
2.08332,8.42244,6.98874,0
2.09998,8.42708,6.98814,0
2.11664,8.43171,6.98752,0
2.1333,8.43634,6.98689,0
2.14998,8.44096,6.98624,0
2.16664,8.44558,6.98557,0
2.18332,8.45019,6.98489,0
2.19997,8.45479,6.9842,0
2.21665,8.45939,6.98348,0
2.23331,8.46399,6.98276,0
2.24998,8.46857,6.98201,0
2.26664,8.47315,6.98125,0
2.28332,8.47773,6.98048,0
2.29993,8.48229,6.97969,0
2.31663,8.48686,6.97888,0
2.3333,8.49142,6.97806,0
2.34997,8.49597,6.97722,0
2.36664,8.50052,6.97637,0
2.3833,8.50506,6.9755,0
2.39998,8.5096,6.97462,0
2.41664,8.51412,6.97372,0
2.43331,8.51865,6.97281,0
2.44993,8.52315,6.97188,0
2.46665,8.52768,6.97093,0
2.48331,8.53218,6.96997,0
2.49997,8.53668,6.96899,0
2.51664,8.54117,6.968,0
2.53331,8.54566,6.96699,0
2.54998,8.55014,6.96596,0
2.56665,8.55462,6.96492,0
2.5833,8.55908,6.96387,0
2.59998,8.56355,6.9628,0
2.61664,8.568,6.96171,0
2.63331,8.57246,6.96061,0
2.64997,8.5769,6.95949,0
2.66663,8.58134,6.95836,0
2.68331,8.58577,6.95721,0
2.69997,8.5902,6.95605,0
2.71663,8.59462,6.95487,0
2.73331,8.59904,6.95367,0
2.74997,8.60345,6.95246,0
2.76664,8.60785,6.95124,0
2.7833,8.61224,6.94999,0
2.79996,8.61664,6.94874,0
2.81663,8.62102,6.94746,0
2.83331,8.6254,6.94618,0
2.84997,8.62977,6.94487,0
2.86663,8.63414,6.94356,0
2.8833,8.6385,6.94222,0
2.89997,8.64286,6.94087,0
2.91665,8.64721,6.93951,0
2.93331,8.65155,6.93813,0
2.94997,8.65588,6.93673,0
2.96664,8.66021,6.93532,0
2.9833,8.66454,6.93389,0
2.99997,8.66886,6.93245,0
3.01663,8.67317,6.93099,0
3.0333,8.67747,6.92952,0
3.04997,8.68177,6.92803,0
3.06664,8.68607,6.92653,0
3.08332,8.69036,6.92501,0
3.09997,8.69464,6.92348,0
3.11664,8.69891,6.92193,0
3.13334,8.70319,6.92036,0
3.14997,8.70744,6.91878,0
3.16663,8.7117,6.91719,0
3.18331,8.71595,6.91558,0
3.19997,8.72019,6.91395,0
3.21664,8.72443,6.91231,0
3.2333,8.72866,6.91065,0
3.24998,8.73289,6.90898,0
3.26663,8.73711,6.90729,0
3.2833,8.74132,6.90559,0
3.29997,8.74553,6.90387,0
3.31664,8.74973,6.90214,0
3.33331,8.75392,6.90039,0
3.34997,8.75811,6.89863,0
3.36664,8.76229,6.89685,0
3.38331,8.76647,6.89506,0
3.39998,8.77064,6.89325,0
3.41663,8.7748,6.89143,0
3.43333,8.77896,6.88958,0
3.44998,8.78311,6.88773,0
3.46664,8.78726,6.88586,0
3.48331,8.79139,6.88398,0
3.5,8.79553,6.88207,0
3.51665,8.79965,6.88016,0
3.5333,8.80377,6.87823,0
3.54997,8.80788,6.87629,0
3.56664,8.81199,6.87433,0
3.58331,8.81609,6.87235,0
3.59998,8.82019,6.87036,0
3.61665,8.82428,6.86836,0
3.63331,8.82835,6.86634,0
3.64999,8.83243,6.8643,0
3.66664,8.8365,6.86225,0
3.6833,8.84056,6.86019,0
3.69996,8.84461,6.85811,0
3.71664,8.84867,6.85601,0
3.73331,8.85271,6.8539,0
3.74997,8.85675,6.85178,0
3.76665,8.86078,6.84963,0
3.78331,8.8648,6.84748,0
3.79998,8.86882,6.84531,0
3.81664,8.87283,6.84312,0
3.83331,8.87684,6.84092,0
3.84998,8.88084,6.83871,0
3.86664,8.88483,6.83648,0
3.88331,8.88881,6.83424,0
3.89997,8.89279,6.83198,0
3.91664,8.89677,6.8297,0
3.93331,8.90073,6.82741,0
3.94998,8.90469,6.82511,0
3.96666,8.90865,6.82279,0
3.9833,8.91259,6.82046,0
3.99998,8.91654,6.81811,0
4.01664,8.92047,6.81574,0
4.0333,8.9244,6.81337,0
4.04996,8.92832,6.81098,0
4.06664,8.93224,6.80857,0
4.08331,8.93615,6.80614,0
4.09997,8.94005,6.80371,0
4.11664,8.94394,6.80126,0
4.13331,8.94783,6.79879,0
4.15001,8.95172,6.7963,0
4.16664,8.95559,6.79381,0
4.18331,8.95946,6.7913,0
4.19999,8.96333,6.78878,0
4.21665,8.96718,6.78624,0
4.23331,8.97103,6.78368,0
4.24997,8.97487,6.78112,0
4.26667,8.97872,6.77853,0
4.28332,8.98255,6.77593,0
4.29998,8.98637,6.77332,0
4.31664,8.99019,6.7707,0
4.3333,8.994,6.76805,0
4.34997,8.9978,6.7654,0
4.36664,9.0016,6.76273,0
4.3833,9.00539,6.76004,0
4.39997,9.00918,6.75734,0
4.41664,9.01295,6.75463,0
4.4333,9.01673,6.7519,0
4.44998,9.02049,6.74916,0
4.46665,9.02425,6.7464,0
4.48332,9.028,6.74363,0
4.49998,9.03175,6.74084,0
4.51665,9.03549,6.73804,0
4.53331,9.03922,6.73523,0
4.54999,9.04295,6.7324,0
4.56664,9.04666,6.72955,0
4.5833,9.05037,6.7267,0
4.59997,9.05408,6.72382,0
4.61664,9.05778,6.72094,0
4.63331,9.06147,6.71804,0
4.64997,9.06516,6.71512,0
4.66665,9.06884,6.71219,0
4.68331,9.07251,6.70925,0
4.69998,9.07618,6.70629,0
4.71664,9.07984,6.70332,0
4.7333,9.08349,6.70034,0
4.74998,9.08714,6.69733,0
4.76659,9.09076,6.69433,0
4.7833,9.09441,6.69129,0
4.79996,9.09803,6.68825,0
4.81664,9.10165,6.68519,0
4.83331,9.10526,6.68212,0
4.84996,9.10887,6.67904,0
4.86663,9.11247,6.67594,0
4.88331,9.11606,6.67283,0
4.89997,9.11965,6.6697,0
4.91664,9.12323,6.66656,0
4.9333,9.1268,6.66341,0
4.94997,9.13037,6.66024,0
4.96663,9.13392,6.65705,0
4.9833,9.13748,6.65386,0
4.99997,9.14102,6.65065,0
5.01663,9.14456,6.64742,0
5.03331,9.14809,6.64418,0
5.04997,9.15162,6.64093,0
5.06663,9.15513,6.63767,0
5.0833,9.15865,6.63439,0
5.09997,9.16215,6.63109,0
5.11664,9.16565,6.62778,0
5.1333,9.16914,6.62446,0
5.14997,9.17263,6.62113,0
5.16664,9.1761,6.61778,0
5.18331,9.17958,6.61442,0
5.19997,9.18304,6.61104,0
5.21663,9.1865,6.60765,0
5.23333,9.18995,6.60424,0
5.24998,9.19339,6.60083,0
5.26664,9.19683,6.5974,0
5.28332,9.20026,6.59395,0
5.29998,9.20368,6.5905,0
5.31664,9.2071,6.58702,0
5.3333,9.21051,6.58354,0
5.34998,9.21391,6.58004,0
5.36664,9.21731,6.57653,0
5.38331,9.2207,6.573,0
5.39997,9.22408,6.56946,0
5.41664,9.22746,6.56591,0
5.43331,9.23083,6.56234,0
5.44998,9.23419,6.55876,0
5.46664,9.23754,6.55517,0
5.48331,9.24089,6.55156,0
5.49997,9.24423,6.54794,0
5.51664,9.24757,6.54431,0
5.53331,9.25089,6.54067,0
5.54997,9.25421,6.537,0
5.56671,9.25754,6.53332,0
5.5833,9.26083,6.52965,0
5.59997,9.26413,6.52595,0
5.61663,9.26743,6.52223,0
5.63331,9.27071,6.51851,0
5.64997,9.27399,6.51477,0
5.66664,9.27726,6.51101,0
5.6833,9.28053,6.50725,0
5.69998,9.28379,6.50347,0
5.71665,9.28704,6.49968,0
5.73331,9.29029,6.49587,0
5.74998,9.29352,6.49205,0
5.76665,9.29675,6.48822,0
5.78331,9.29998,6.48438,0
5.79998,9.30319,6.48052,0
5.81664,9.3064,6.47665,0
5.83332,9.30961,6.47276,0
5.84999,9.31281,6.46887,0
5.86665,9.31599,6.46496,0
5.88332,9.31918,6.46104,0
5.89997,9.32235,6.4571,0
5.91665,9.32552,6.45315,0
5.93332,9.32868,6.44919,0
5.94998,9.33183,6.44522,0
5.96665,9.33498,6.44123,0
5.9833,9.33812,6.43724,0
5.99997,9.34125,6.43322,0
6.01664,9.34438,6.4292,0
6.03331,9.3475,6.42516,0
6.04997,9.35061,6.42111,0
6.06664,9.35371,6.41705,0
6.08333,9.35682,6.41296,0
6.09998,9.3599,6.40888,0
6.11664,9.36299,6.40478,0
6.1333,9.36607,6.40067,0
6.14997,9.36913,6.39654,0
6.16665,9.3722,6.3924,0
6.18331,9.37525,6.38825,0
6.19997,9.3783,6.38409,0
6.21664,9.38134,6.37991,0
6.23331,9.38438,6.37572,0
6.24998,9.38741,6.37152,0
6.26664,9.39043,6.36731,0
6.2833,9.39344,6.36308,0
6.29997,9.39645,6.35884,0
6.31664,9.39945,6.35459,0
6.33326,9.40243,6.35034,0
6.34998,9.40543,6.34605,0
6.36664,9.4084,6.34176,0
6.3833,9.41137,6.33747,0
6.39997,9.41434,6.33315,0
6.41659,9.41729,6.32884,0
6.43331,9.42024,6.32449,0
6.44997,9.42319,6.32014,0
6.46663,9.42612,6.31578,0
6.48331,9.42905,6.31141,0
6.49997,9.43197,6.30702,0
6.51663,9.43489,6.30262,0
6.5333,9.43779,6.29822,0
6.54997,9.44069,6.29379,0
6.56664,9.44359,6.28936,0
6.58331,9.44647,6.28491,0
6.59997,9.44935,6.28046,0
6.61665,9.45222,6.27598,0
6.63332,9.45509,6.2715,0
6.64998,9.45794,6.26701,0
6.66665,9.4608,6.2625,0
6.68334,9.46364,6.25798,0
6.69999,9.46647,6.25345,0
6.71665,9.4693,6.24891,0
6.73331,9.47212,6.24436,0
6.74998,9.47494,6.2398,0
6.76665,9.47774,6.23522,0
6.78331,9.48054,6.23063,0
6.79998,9.48334,6.22603,0
6.81665,9.48612,6.22142,0
6.83331,9.4889,6.2168,0
6.84998,9.49167,6.21216,0
6.86665,9.49443,6.20752,0
6.88331,9.49719,6.20286,0
6.89998,9.49994,6.19819,0
6.91664,9.50268,6.19351,0
6.93331,9.50542,6.18882,0
6.94998,9.50815,6.18411,0
6.96665,9.51087,6.1794,0
6.98331,9.51358,6.17467,0
6.99999,9.51629,6.16993,0
7.01665,9.51898,6.16518,0
7.03332,9.52168,6.16042,0
7.04998,9.52436,6.15565,0
7.06664,9.52704,6.15087,0
7.08332,9.52971,6.14607,0
7.09998,9.53237,6.14127,0
7.11665,9.53503,6.13645,0
7.13332,9.53767,6.13162,0
7.14998,9.54031,6.12678,0
7.16666,9.54295,6.12193,0
7.18331,9.54557,6.11707,0
7.19999,9.54819,6.11219,0
7.21665,9.55081,6.10731,0
7.23332,9.55341,6.10242,0
7.24998,9.55601,6.09751,0
7.26663,9.55859,6.0926,0
7.28327,9.56117,6.08768,0
7.29999,9.56376,6.08272,0
7.31664,9.56632,6.07778,0
7.3333,9.56888,6.07282,0
7.34998,9.57144,6.06784,0
7.36665,9.57398,6.06286,0
7.38331,9.57652,6.05787,0
7.39998,9.57905,6.05286,0
7.41664,9.58158,6.04785,0
7.4333,9.58409,6.04282,0
7.44998,9.5866,6.03778,0
7.46668,9.58911,6.03273,0
7.48331,9.5916,6.02768,0
7.49998,9.59409,6.02261,0
7.51664,9.59657,6.01753,0
7.53331,9.59904,6.01244,0
7.54998,9.60151,6.00734,0
7.56664,9.60396,6.00223,0
7.5833,9.60641,5.99711,0
7.59999,9.60886,5.99198,0
7.61665,9.6113,5.98684,0
7.63331,9.61372,5.98168,0
7.64997,9.61615,5.97652,0
7.66664,9.61856,5.97135,0
7.68331,9.62097,5.96616,0
7.69997,9.62336,5.96097,0
7.71664,9.62576,5.95577,0
7.7333,9.62814,5.95055,0
7.74997,9.63052,5.94533,0
7.76663,9.63289,5.94009,0
7.7833,9.63525,5.93485,0
7.79997,9.63761,5.92959,0
7.81664,9.63995,5.92433,0
7.8333,9.64229,5.91905,0
7.84997,9.64463,5.91376,0
7.86663,9.64695,5.90847,0
7.88333,9.64928,5.90315,0
7.89997,9.65158,5.89785,0
7.91664,9.65389,5.89252,0
7.9333,9.65618,5.88719,0
7.94998,9.65847,5.88184,0
7.96664,9.66075,5.87649,0
7.98331,9.66302,5.87112,0
7.99997,9.66529,5.86575,0
8.01659,9.66754,5.86038,0
8.0333,9.6698,5.85497,0
8.04997,9.67204,5.84956,0
8.06663,9.67428,5.84415,0
8.08333,9.67651,5.83872,0
8.09997,9.67873,5.83329,0
8.11664,9.68095,5.82785,0
8.13331,9.68315,5.8224,0
8.14997,9.68535,5.81694,0
8.16667,9.68755,5.81146,0
8.18326,9.68972,5.806,0
8.19998,9.69191,5.80049,0
8.21664,9.69407,5.79499,0
8.23331,9.69624,5.78948,0
8.24998,9.69839,5.78396,0
8.26664,9.70054,5.77844,0
8.28331,9.70268,5.7729,0
8.29998,9.70481,5.76735,0
8.31664,9.70693,5.7618,0
8.33331,9.70905,5.75623,0
8.34997,9.71116,5.75066,0
8.36665,9.71326,5.74507,0
8.38331,9.71536,5.73948,0
8.39997,9.71744,5.73388,0
8.41664,9.71952,5.72827,0
8.43331,9.7216,5.72265,0
8.44997,9.72366,5.71702,0
8.46664,9.72572,5.71138,0
8.48331,9.72777,5.70573,0
8.49997,9.72981,5.70008,0
8.51664,9.73184,5.69441,0
8.5333,9.73387,5.68874,0
8.54997,9.73589,5.68306,0
8.56664,9.7379,5.67737,0
8.5833,9.73991,5.67167,0
8.59997,9.7419,5.66596,0
8.61664,9.74389,5.66024,0
8.6333,9.74588,5.65452,0
8.64996,9.74785,5.64878,0
8.66664,9.74982,5.64303,0
8.68331,9.75178,5.63728,0
8.69997,9.75373,5.63152,0
8.71664,9.75567,5.62575,0
8.7333,9.75761,5.61997,0
8.74997,9.75954,5.61419,0
8.76664,9.76146,5.60839,0
8.7833,9.76337,5.60259,0
8.79997,9.76528,5.59678,0
8.81664,9.76718,5.59096,0
8.8333,9.76907,5.58513,0
8.84997,9.77096,5.57929,0
8.86664,9.77283,5.57345,0
8.8833,9.7747,5.56759,0
8.89997,9.77656,5.56173,0
8.91664,9.77841,5.55586,0
8.9333,9.78026,5.54999,0
8.94997,9.7821,5.5441,0
8.96664,9.78393,5.5382,0
8.9833,9.78575,5.5323,0
8.99997,9.78757,5.52639,0
9.01663,9.78938,5.52047,0
9.0333,9.79118,5.51455,0
9.04997,9.79297,5.50861,0
9.06665,9.79476,5.50267,0
9.08331,9.79653,5.49672,0
9.09997,9.7983,5.49076,0
9.11664,9.80007,5.48479,0
9.13331,9.80182,5.47882,0
9.14997,9.80357,5.47284,0
9.16663,9.80531,5.46686,0
9.18331,9.80704,5.46085,0
9.19997,9.80877,5.45485,0
9.21663,9.81048,5.44884,0
9.2333,9.81219,5.44282,0
9.24997,9.81389,5.43679,0
9.26663,9.81559,5.43076,0
9.2833,9.81727,5.42472,0
9.29996,9.81895,5.41867,0
9.31663,9.82062,5.41261,0
9.33331,9.82229,5.40655,0
9.34997,9.82394,5.40047,0
9.36664,9.82559,5.39439,0
9.38331,9.82723,5.38831,0
9.39998,9.82886,5.38221,0
9.41665,9.83049,5.37611,0
9.43332,9.83211,5.37,0
9.44998,9.83372,5.36389,0
9.46665,9.83532,5.35776,0
9.48331,9.83691,5.35163,0
9.49997,9.8385,5.3455,0
9.51665,9.84008,5.33935,0
9.53331,9.84165,5.3332,0
9.55,9.84322,5.32704,0
9.56663,9.84477,5.32089,0
9.5833,9.84632,5.31471,0
9.59997,9.84786,5.30853,0
9.61664,9.8494,5.30235,0
9.63331,9.85092,5.29615,0
9.64997,9.85244,5.28996,0
9.66664,9.85395,5.28375,0
9.68333,9.85546,5.27753,0
9.69996,9.85695,5.27132,0
9.71663,9.85843,5.26509,0
9.7333,9.85991,5.25886,0
9.74997,9.86139,5.25262,0
9.76666,9.86285,5.24637,0
9.7833,9.86431,5.24012,0
9.79996,9.86576,5.23387,0
9.81664,9.8672,5.2276,0
9.83331,9.86863,5.22133,0
9.84996,9.87006,5.21505,0
9.86663,9.87148,5.20877,0
9.8833,9.87288,5.20248,0
9.89997,9.87429,5.19618,0
9.91664,9.87568,5.18987,0
9.9333,9.87707,5.18357,0
9.94998,9.87845,5.17725,0
9.96663,9.87982,5.17093,0
9.9833,9.88119,5.1646,0
9.99997,9.88254,5.15826,0
10.0166,9.88389,5.15193,0
10.0333,9.88523,5.14558,0
10.05,9.88657,5.13923,0
10.0666,9.88789,5.13287,0
10.0833,9.88921,5.1265,0
10.1,9.89052,5.12013,0
10.1166,9.89182,5.11375,0
10.1333,9.89312,5.10738,0
10.15,9.8944,5.10099,0
10.1666,9.89568,5.09459,0
10.1833,9.89696,5.08819,0
10.2,9.89822,5.08179,0
10.2166,9.89948,5.07538,0
10.2333,9.90072,5.06896,0
10.25,9.90197,5.06254,0
10.2666,9.9032,5.05611,0
10.2833,9.90442,5.04968,0
10.3,9.90564,5.04324,0
10.3166,9.90685,5.0368,0
10.3333,9.90805,5.03035,0
10.35,9.90925,5.02389,0
10.3666,9.91043,5.01743,0
10.3833,9.91161,5.01097,0
10.4,9.91278,5.0045,0
10.4166,9.91395,4.99802,0
10.4333,9.9151,4.99154,0
10.45,9.91625,4.98505,0
10.4666,9.91739,4.97856,0
10.4833,9.91852,4.97206,0
10.5,9.91965,4.96556,0
10.5166,9.92076,4.95906,0
10.5333,9.92187,4.95254,0
10.55,9.92297,4.94603,0
10.5666,9.92407,4.93951,0
10.5833,9.92515,4.93298,0
10.6,9.92623,4.92645,0
10.6166,9.9273,4.91991,0
10.6333,9.92836,4.91337,0
10.65,9.92942,4.90682,0
10.6666,9.93046,4.90027,0
10.6833,9.9315,4.89371,0
10.7,9.93253,4.88716,0
10.7166,9.93356,4.88059,0
10.7333,9.93457,4.87402,0
10.75,9.93558,4.86744,0
10.7666,9.93658,4.86086,0
10.7833,9.93757,4.85428,0
10.8,9.93856,4.8477,0
10.8166,9.93953,4.8411,0
10.8333,9.9405,4.83451,0
10.85,9.94146,4.82791,0
10.8666,9.94242,4.8213,0
10.8833,9.94336,4.81469,0
10.9,9.9443,4.80808,0
10.9166,9.94523,4.80146,0
10.9333,9.94615,4.79483,0
10.95,9.94707,4.78821,0
10.9666,9.94797,4.78158,0
10.9833,9.94887,4.77494,0
11,9.94976,4.7683,0
11.0166,9.95065,4.76166,0
11.0333,9.95152,4.75502,0
11.05,9.95239,4.74836,0
11.0666,9.95325,4.74171,0
11.0833,9.9541,4.73505,0
11.1,9.95495,4.72839,0
11.1166,9.95578,4.72172,0
11.1333,9.95661,4.71505,0
11.15,9.95743,4.70838,0
11.1666,9.95825,4.7017,0
11.1833,9.95905,4.69502,0
11.2,9.95985,4.68833,0
11.2166,9.96064,4.68165,0
11.2333,9.96142,4.67495,0
11.25,9.96219,4.66826,0
11.2666,9.96296,4.66156,0
11.2833,9.96372,4.65486,0
11.3,9.96447,4.64815,0
11.3166,9.96521,4.64144,0
11.3333,9.96595,4.63473,0
11.35,9.96667,4.62801,0
11.3666,9.96739,4.62129,0
11.3833,9.9681,4.61457,0
11.4,9.96881,4.60784,0
11.4166,9.9695,4.60112,0
11.4333,9.97019,4.59438,0
11.45,9.97087,4.58765,0
11.4666,9.97154,4.58091,0
11.4833,9.97221,4.57417,0
11.5,9.97286,4.56742,0
11.5166,9.97351,4.56067,0
11.5333,9.97415,4.55393,0
11.55,9.97479,4.54717,0
11.5666,9.97541,4.54042,0
11.5833,9.97603,4.53366,0
11.6,9.97664,4.5269,0
11.6166,9.97724,4.52013,0
11.6333,9.97783,4.51336,0
11.65,9.97842,4.50659,0
11.6666,9.979,4.49982,0
11.6833,9.97957,4.49305,0
11.7,9.98013,4.48627,0
11.7166,9.98069,4.47949,0
11.7333,9.98123,4.47271,0
11.75,9.98177,4.46592,0
11.7666,9.9823,4.45913,0
11.7833,9.98283,4.45234,0
11.8,9.98334,4.44555,0
11.8166,9.98385,4.43875,0
11.8333,9.98435,4.43196,0
11.85,9.98484,4.42516,0
11.8666,9.98533,4.41836,0
11.8833,9.9858,4.41155,0
11.9,9.98627,4.40474,0
11.9166,9.98673,4.39794,0
11.9333,9.98718,4.39113,0
11.95,9.98763,4.38431,0
11.9666,9.98807,4.3775,0
11.9833,9.98849,4.37068,0
12,9.98892,4.36386,0
12.0166,9.98933,4.35704,0
12.0333,9.98973,4.35022,0
12.05,9.99013,4.3434,0
12.0666,9.99052,4.33657,0
12.0833,9.9909,4.32974,0
12.1,9.99128,4.32292,0
12.1166,9.99164,4.31608,0
12.1333,9.992,4.30925,0
12.15,9.99235,4.30242,0
12.1666,9.9927,4.29558,0
12.1833,9.99303,4.28874,0
12.2,9.99336,4.2819,0
12.2166,9.99368,4.27506,0
12.2333,9.99399,4.26822,0
12.25,9.99429,4.26138,0
12.2666,9.99459,4.25453,0
12.2833,9.99488,4.24769,0
12.3,9.99516,4.24084,0
12.3166,9.99543,4.23399,0
12.3333,9.99569,4.22714,0
12.35,9.99595,4.22028,0
12.3666,9.9962,4.21344,0
12.3833,9.99644,4.20659,0
12.4,9.99667,4.19974,0
12.4166,9.9969,4.19288,0
12.4333,9.99711,4.18602,0
12.45,9.99732,4.17917,0
12.4666,9.99752,4.17231,0
12.4833,9.99772,4.16545,0
12.5,9.9979,4.15859,0
12.5166,9.99808,4.15173,0
12.5333,9.99825,4.14487,0
12.55,9.99841,4.138,0
12.5666,9.99857,4.13114,0
12.5833,9.99871,4.12428,0
12.6,9.99885,4.11741,0
12.6166,9.99898,4.11055,0
12.6333,9.9991,4.10368,0
12.65,9.99922,4.09681,0
12.6666,9.99933,4.08995,0
12.6833,9.99942,4.08308,0
12.7,9.99952,4.07621,0
12.7166,9.9996,4.06935,0
12.7333,9.99967,4.06248,0
12.75,9.99974,4.05561,0
12.7666,9.9998,4.04874,0
12.7833,9.99985,4.04187,0
12.8,9.9999,4.035,0
12.8166,9.99993,4.02813,0
12.8333,9.99996,4.02126,0
12.85,9.99998,4.01439,0
12.8666,10,4.00752,0
12.8833,10,4.00065,0
12.9,10,3.99378,0
12.9166,9.99999,3.98691,0
12.9333,9.99997,3.98004,0
12.95,9.99994,3.97317,0
12.9666,9.99991,3.9663,0
12.9833,9.99986,3.95943,0
13,9.99981,3.95257,0
13.0166,9.99975,3.9457,0
13.0333,9.99969,3.93883,0
13.05,9.99961,3.93196,0
13.0666,9.99953,3.92509,0
13.0833,9.99944,3.91822,0
13.1,9.99934,3.91134,0
13.1166,9.99924,3.90449,0
13.1333,9.99913,3.89762,0
13.15,9.99901,3.89076,0
13.1666,9.99888,3.88389,0
13.1833,9.99874,3.87703,0
13.2,9.99859,3.87016,0
13.2166,9.99844,3.8633,0
13.2333,9.99828,3.85644,0
13.25,9.99811,3.84958,0
13.2666,9.99794,3.84271,0
13.2833,9.99775,3.83585,0
13.3,9.99756,3.82899,0
13.3166,9.99736,3.82213,0
13.3333,9.99715,3.81528,0
13.35,9.99694,3.80842,0
13.3666,9.99671,3.80157,0
13.3833,9.99648,3.79471,0
13.4,9.99624,3.78786,0
13.4166,9.996,3.78101,0
13.4333,9.99574,3.77416,0
13.45,9.99548,3.7673,0
13.4666,9.99521,3.76046,0
13.4833,9.99493,3.75361,0
13.5,9.99464,3.74676,0
13.5167,9.99435,3.7399,0
13.5333,9.99405,3.73308,0
13.55,9.99374,3.72623,0
13.5666,9.99342,3.71939,0
13.5833,9.99309,3.71255,0
13.6,9.99276,3.70571,0
13.6166,9.99242,3.69888,0
13.6333,9.99207,3.69204,0
13.65,9.99171,3.68521,0
13.6666,9.99135,3.67838,0
13.6833,9.99098,3.67155,0
13.7,9.9906,3.66472,0
13.7166,9.99021,3.6579,0
13.7333,9.98981,3.65107,0
13.75,9.98941,3.64425,0
13.7666,9.98899,3.63743,0
13.7833,9.98857,3.63061,0
13.8,9.98815,3.6238,0
13.8166,9.98771,3.61698,0
13.8333,9.98727,3.61017,0
13.85,9.98682,3.60336,0
13.8666,9.98636,3.59655,0
13.8833,9.98589,3.58974,0
13.9,9.98542,3.58294,0
13.9166,9.98493,3.57613,0
13.9333,9.98444,3.56934,0
13.95,9.98394,3.56254,0
13.9666,9.98344,3.55574,0
13.9833,9.98292,3.54895,0
14,9.9824,3.54216,0
14.0166,9.98187,3.53537,0
14.0333,9.98134,3.52858,0
14.05,9.98079,3.5218,0
14.0666,9.98024,3.51502,0
14.0833,9.97968,3.50824,0
14.1,9.97911,3.50147,0
14.1166,9.97853,3.49469,0
14.1333,9.97795,3.48792,0
14.15,9.97735,3.48115,0
14.1666,9.97675,3.47439,0
14.1833,9.97615,3.46763,0
14.2,9.97553,3.46087,0
14.2166,9.97491,3.45411,0
14.2333,9.97427,3.44736,0
14.25,9.97363,3.4406,0
14.2666,9.97299,3.43386,0
14.2833,9.97233,3.42711,0
14.3,9.97167,3.42037,0
14.3166,9.971,3.41363,0
14.3333,9.97032,3.40689,0
14.35,9.96963,3.40016,0
14.3666,9.96894,3.39343,0
14.3833,9.96824,3.38671,0
14.4,9.96753,3.37998,0
14.4166,9.96681,3.37327,0
14.4333,9.96608,3.36655,0
14.45,9.96535,3.35983,0
14.4666,9.96461,3.35312,0
14.4833,9.96386,3.34641,0
14.5,9.9631,3.33971,0
14.5166,9.96234,3.33301,0
14.5333,9.96157,3.32632,0
14.55,9.96079,3.31962,0
14.5666,9.96,3.31294,0
14.5833,9.9592,3.30625,0
14.6,9.9584,3.29957,0
14.6166,9.95759,3.29289,0
14.6333,9.95677,3.28621,0
14.65,9.95594,3.27954,0
14.6666,9.95511,3.27288,0
14.6833,9.95426,3.26621,0
14.7,9.95341,3.25955,0
14.7166,9.95255,3.2529,0
14.7333,9.95169,3.24625,0
14.75,9.95081,3.2396,0
14.7666,9.94993,3.23296,0
14.7833,9.94904,3.22632,0
14.8,9.94815,3.21968,0
14.8166,9.94724,3.21305,0
14.8333,9.94633,3.20642,0
14.85,9.94541,3.1998,0
14.8666,9.94448,3.19318,0
14.8833,9.94354,3.18656,0
14.9,9.9426,3.17995,0
14.9166,9.94165,3.17335,0
14.9333,9.94069,3.16675,0
14.95,9.93972,3.16015,0
14.9666,9.93874,3.15355,0
14.9833,9.93776,3.14697,0
15,9.93677,3.14038,0
15.0166,9.93577,3.1338,0
15.0333,9.93476,3.12723,0
15.05,9.93375,3.12066,0
15.0666,9.93273,3.11409,0
15.0833,9.9317,3.10753,0
15.1,9.93066,3.10097,0
15.1166,9.92962,3.09442,0
15.1333,9.92856,3.08788,0
15.15,9.9275,3.08133,0
15.1666,9.92643,3.0748,0
15.1833,9.92536,3.06826,0
15.2,9.92427,3.06173,0
15.2166,9.92318,3.05521,0
15.2333,9.92208,3.04869,0
15.25,9.92097,3.04218,0
15.2666,9.91986,3.03567,0
15.2833,9.91874,3.02917,0
15.3,9.9176,3.02267,0
15.3166,9.91646,3.01617,0
15.3333,9.91532,3.00969,0
15.35,9.91417,3.00321,0
15.3666,9.913,2.99673,0
15.3833,9.91184,2.99027,0
15.4,9.91066,2.98379,0
15.4166,9.90947,2.97733,0
15.4333,9.90828,2.97088,0
15.45,9.90708,2.96443,0
15.4666,9.90587,2.95798,0
15.4833,9.90465,2.95154,0
15.5,9.90343,2.94511,0
15.5166,9.9022,2.93868,0
15.5333,9.90096,2.93226,0
15.55,9.89971,2.92584,0
15.5666,9.89846,2.91943,0
15.5833,9.8972,2.91302,0
15.6,9.89593,2.90662,0
15.6166,9.89465,2.90022,0
15.6333,9.89336,2.89384,0
15.65,9.89207,2.88745,0
15.6666,9.89077,2.88108,0
15.6833,9.88946,2.87471,0
15.7,9.88814,2.86834,0
15.7166,9.88682,2.86198,0
15.7333,9.88549,2.85563,0
15.75,9.88415,2.84928,0
15.7666,9.8828,2.84294,0
15.7833,9.88144,2.8366,0
15.8,9.88008,2.83027,0
15.8166,9.87871,2.82395,0
15.8333,9.87733,2.81763,0
15.85,9.87595,2.81132,0
15.8666,9.87455,2.80502,0
15.8833,9.87315,2.79872,0
15.9,9.87174,2.79243,0
15.9166,9.87033,2.78614,0
15.9333,9.8689,2.77986,0
15.95,9.86747,2.77359,0
15.9666,9.86603,2.76732,0
15.9833,9.86458,2.76106,0
16,9.86313,2.75481,0
16.0166,9.86166,2.74856,0
16.0333,9.86019,2.74232,0
16.05,9.85872,2.73609,0
16.0666,9.85723,2.72986,0
16.0833,9.85574,2.72364,0
16.1,9.85423,2.71742,0
16.1166,9.85273,2.71122,0
16.1333,9.85121,2.70502,0
16.15,9.84969,2.69883,0
16.1666,9.84815,2.69264,0
16.1833,9.84661,2.68646,0
16.2,9.84507,2.68029,0
16.2166,9.84351,2.67412,0
16.2333,9.84195,2.66796,0
16.25,9.84038,2.66181,0
16.2666,9.8388,2.65566,0
16.2833,9.83721,2.64952,0
16.3,9.83562,2.64339,0
16.3166,9.83402,2.63727,0
16.3333,9.83241,2.63115,0
16.35,9.8308,2.62504,0
16.3666,9.82917,2.61894,0
16.3833,9.82754,2.61285,0
16.4,9.8259,2.60676,0
16.4166,9.82425,2.60068,0
16.4333,9.8226,2.59461,0
16.45,9.82094,2.58854,0
16.4666,9.81927,2.58248,0
16.4833,9.81759,2.57643,0
16.5,9.81591,2.57038,0
16.5166,9.81421,2.56435,0
16.5333,9.81251,2.55832,0
16.55,9.81081,2.5523,0
16.5666,9.80909,2.54629,0
16.5833,9.80737,2.54028,0
16.6,9.80564,2.53428,0
16.6166,9.8039,2.52829,0
16.6333,9.80215,2.52231,0
16.65,9.8004,2.51634,0
16.6666,9.79864,2.51037,0
16.6833,9.79687,2.50441,0
16.7,9.79509,2.49846,0
16.7166,9.79331,2.49251,0
16.7333,9.79152,2.48658,0
16.75,9.78972,2.48065,0
16.7666,9.78791,2.47473,0
16.7833,9.7861,2.46882,0
16.8,9.78428,2.46291,0
16.8166,9.78245,2.45702,0
16.8333,9.78061,2.45113,0
16.85,9.77877,2.44525,0
16.8666,9.77691,2.43938,0
16.8833,9.77505,2.43352,0
16.9,9.77319,2.42766,0
16.9166,9.77131,2.42182,0
16.9333,9.76943,2.41598,0
16.95,9.76754,2.41014,0
16.9666,9.76564,2.40433,0
16.9833,9.76374,2.39851,0
17,9.76182,2.39271,0
17.0166,9.7599,2.38691,0
17.0333,9.75798,2.38112,0
17.05,9.75604,2.37534,0
17.0666,9.7541,2.36957,0
17.0833,9.75215,2.36381,0
17.1,9.75019,2.35806,0
17.1166,9.74822,2.35231,0
17.1333,9.74625,2.34657,0
17.15,9.74427,2.34084,0
17.1666,9.74228,2.33512,0
17.1833,9.74029,2.32942,0
17.2,9.73828,2.32371,0
17.2166,9.73627,2.31802,0
17.2333,9.73426,2.31234,0
17.25,9.73223,2.30666,0
17.2666,9.7302,2.30099,0
17.2833,9.72816,2.29534,0
17.3,9.72611,2.28969,0
17.3166,9.72405,2.28405,0
17.3333,9.72199,2.27842,0
17.35,9.71992,2.27279,0
17.3666,9.71784,2.26718,0
17.3833,9.71575,2.26158,0
17.4,9.71366,2.25598,0
17.4166,9.71156,2.2504,0
17.4333,9.70945,2.24482,0
17.45,9.70734,2.23926,0
17.4666,9.70521,2.2337,0
17.4833,9.70308,2.22815,0
17.5,9.70094,2.22261,0
17.5166,9.6988,2.21708,0
17.5333,9.69664,2.21156,0
17.55,9.69448,2.20605,0
17.5666,9.69232,2.20055,0
17.5833,9.69014,2.19506,0
17.6,9.68796,2.18957,0
17.6166,9.68577,2.1841,0
17.6333,9.68357,2.17863,0
17.65,9.68136,2.17318,0
17.6666,9.67915,2.16774,0
17.6833,9.67693,2.1623,0
17.7,9.6747,2.15688,0
17.7166,9.67247,2.15146,0
17.7333,9.67023,2.14606,0
17.75,9.66798,2.14066,0
17.7666,9.66572,2.13527,0
17.7833,9.66346,2.1299,0
17.8,9.66118,2.12453,0
17.8166,9.6589,2.11917,0
17.8333,9.65662,2.11383,0
17.85,9.65432,2.10849,0
17.8666,9.65202,2.10316,0
17.8833,9.64971,2.09784,0
17.9,9.64739,2.09253,0
17.9166,9.64507,2.08724,0
17.9333,9.64274,2.08195,0
17.95,9.6404,2.07667,0
17.9666,9.63805,2.07141,0
17.9833,9.6357,2.06615,0
18,9.63334,2.0609,0
18.0166,9.63097,2.05566,0
18.0333,9.62859,2.05044,0
18.05,9.62621,2.04522,0
18.0666,9.62382,2.04001,0
18.0833,9.62142,2.03482,0
18.1,9.61902,2.02963,0
18.1166,9.6166,2.02446,0
18.1333,9.61418,2.01929,0
18.15,9.61175,2.01414,0
18.1666,9.60932,2.00899,0
18.1833,9.60688,2.00386,0
18.2,9.60443,1.99874,0
18.2166,9.60197,1.99362,0
18.2333,9.59951,1.98852,0
18.25,9.59704,1.98343,0
18.2667,9.59455,1.97834,0
18.2833,9.59207,1.97328,0
18.3,9.58958,1.96822,0
18.3166,9.58708,1.96317,0
18.3333,9.58457,1.95813,0
18.35,9.58205,1.9531,0
18.3666,9.57953,1.94809,0
18.3833,9.577,1.94308,0
18.4,9.57446,1.93808,0
18.4166,9.57192,1.9331,0
18.4333,9.56937,1.92813,0
18.45,9.56681,1.92316,0
18.4666,9.56424,1.91821,0
18.4833,9.56167,1.91327,0
18.5,9.55908,1.90834,0
18.5166,9.5565,1.90342,0
18.5333,9.5539,1.89851,0
18.55,9.5513,1.89361,0
18.5666,9.54869,1.88873,0
18.5833,9.54607,1.88385,0
18.6,9.54344,1.87899,0
18.6166,9.54081,1.87414,0
18.6333,9.53817,1.86929,0
18.65,9.53553,1.86446,0
18.6666,9.53287,1.85964,0
18.6833,9.53021,1.85484,0
18.7,9.52754,1.85004,0
18.7166,9.52487,1.84525,0
18.7333,9.52218,1.84048,0
18.75,9.51949,1.83571,0
18.7666,9.5168,1.83096,0
18.7833,9.51409,1.82622,0
18.8,9.51138,1.82149,0
18.8166,9.50866,1.81678,0
18.8333,9.50593,1.81207,0
18.85,9.5032,1.80737,0
18.8666,9.50046,1.80269,0
18.8833,9.49771,1.79802,0
18.9,9.49496,1.79336,0
18.9166,9.49219,1.78871,0
18.9333,9.48942,1.78408,0
18.95,9.48665,1.77945,0
18.9666,9.48386,1.77484,0
18.9833,9.48107,1.77024,0
19,9.47827,1.76564,0
19.0166,9.47547,1.76107,0
19.0333,9.47265,1.7565,0
19.05,9.46984,1.75194,0
19.0666,9.46701,1.7474,0
19.0833,9.46417,1.74287,0
19.1,9.46133,1.73835,0
19.1166,9.45848,1.73384,0
19.1333,9.45563,1.72935,0
19.15,9.45276,1.72486,0
19.1666,9.44989,1.72039,0
19.1833,9.44702,1.71593,0
19.2,9.44413,1.71148,0
19.2166,9.44124,1.70705,0
19.2333,9.43834,1.70262,0
19.25,9.43544,1.69821,0
19.2666,9.43252,1.69381,0
19.2833,9.42961,1.68942,0
19.3,9.42668,1.68505,0
19.3166,9.42374,1.68068,0
19.3333,9.4208,1.67633,0
19.35,9.41785,1.67199,0
19.3666,9.4149,1.66767,0
19.3833,9.41194,1.66335,0
19.4,9.40897,1.65905,0
19.4166,9.40599,1.65476,0
19.4333,9.40301,1.65048,0
19.45,9.40001,1.64621,0
19.4666,9.39702,1.64196,0
19.4833,9.39401,1.63772,0
19.5,9.391,1.63349,0
19.5166,9.38798,1.62928,0
19.5333,9.38495,1.62507,0
19.55,9.38192,1.62088,0
19.5666,9.37888,1.6167,0
19.5833,9.37583,1.61254,0
19.6,9.37278,1.60838,0
19.6166,9.36972,1.60424,0
19.6333,9.36665,1.60011,0
19.65,9.36357,1.596,0
19.6666,9.36049,1.59189,0
19.6833,9.3574,1.5878,0
19.7,9.3543,1.58372,0
19.7166,9.3512,1.57966,0
19.7333,9.34809,1.57561,0
19.75,9.34497,1.57157,0
19.7666,9.34184,1.56754,0
19.7833,9.33871,1.56352,0
19.8,9.33557,1.55952,0
19.8166,9.33243,1.55553,0
19.8333,9.32928,1.55156,0
19.85,9.32612,1.54759,0
19.8666,9.32295,1.54364,0
19.8833,9.31978,1.53971,0
19.9,9.3166,1.53578,0
19.9166,9.31341,1.53187,0
19.9333,9.31021,1.52797,0
19.95,9.30701,1.52408,0
19.9666,9.3038,1.52021,0
19.9833,9.30059,1.51635,0
20,9.29736,1.5125,0
20.0166,9.29414,1.50867,0
20.0333,9.2909,1.50485,0
20.05,9.28765,1.50104,0
20.0666,9.2844,1.49725,0
20.0833,9.28115,1.49347,0
20.1,9.27788,1.4897,0
20.1166,9.27461,1.48594,0
20.1333,9.27133,1.4822,0
20.15,9.26805,1.47847,0
20.1666,9.26476,1.47476,0
20.1833,9.26146,1.47105,0
20.2,9.25815,1.46737,0
20.2166,9.25484,1.46369,0
20.2333,9.25152,1.46003,0
20.25,9.2482,1.45638,0
20.2666,9.24486,1.45274,0
20.2833,9.24152,1.44912,0
20.3,9.23818,1.44551,0
20.3166,9.23482,1.44191,0
20.3333,9.23146,1.43833,0
20.35,9.22809,1.43476,0
20.3666,9.22472,1.43121,0
20.3833,9.22134,1.42767,0
20.4,9.21795,1.42414,0
20.4166,9.21456,1.42062,0
20.4333,9.21115,1.41712,0
20.45,9.20775,1.41363,0
20.4666,9.20433,1.41016,0
20.4833,9.20091,1.4067,0
20.5,9.19748,1.40325,0
20.5166,9.19404,1.39982,0
20.5333,9.1906,1.3964,0
20.55,9.18715,1.39299,0
20.5666,9.1837,1.3896,0
20.5833,9.18023,1.38622,0
20.6,9.17676,1.38286,0
20.6166,9.17329,1.37951,0
20.6333,9.1698,1.37617,0
20.65,9.16631,1.37284,0
20.6666,9.16282,1.36953,0
20.6833,9.15931,1.36624,0
20.7,9.1558,1.36296,0
20.7166,9.15228,1.35969,0
20.7333,9.14876,1.35643,0
20.75,9.14523,1.35319,0
20.7666,9.14169,1.34996,0
20.7833,9.13815,1.34675,0
20.8,9.1346,1.34355,0
20.8166,9.13104,1.34037,0
20.8333,9.12747,1.33719,0
20.85,9.1239,1.33404,0
20.8666,9.12033,1.33089,0
20.8833,9.11674,1.32776,0
20.9,9.11315,1.32465,0
20.9166,9.10955,1.32155,0
20.9333,9.10595,1.31846,0
20.95,9.10234,1.31539,0
20.9666,9.09872,1.31233,0
20.9833,9.09509,1.30928,0
21,9.09146,1.30625,0
21.0166,9.08782,1.30323,0
21.0333,9.08418,1.30023,0
21.05,9.08053,1.29724,0
21.0666,9.07687,1.29427,0
21.0833,9.07321,1.29131,0
21.1,9.06954,1.28836,0
21.1166,9.06586,1.28543,0
21.1333,9.06217,1.28251,0
21.15,9.05848,1.27961,0
21.1666,9.05478,1.27672,0
21.1833,9.05108,1.27385,0
21.2,9.04737,1.27099,0
21.2166,9.04365,1.26814,0
21.2333,9.03992,1.26531,0
21.25,9.03619,1.26249,0
21.2666,9.03246,1.25969,0
21.2833,9.02871,1.25689,0
21.3,9.02496,1.25412,0
21.3166,9.0212,1.25136,0
21.3333,9.01744,1.24862,0
21.35,9.01367,1.24589,0
21.3666,9.00989,1.24317,0
21.3833,9.00611,1.24047,0
21.4,9.00232,1.23778,0
21.4166,8.99852,1.23511,0
21.4333,8.99472,1.23245,0
21.45,8.99091,1.2298,0
21.4666,8.98709,1.22717,0
21.4833,8.98327,1.22456,0
21.5,8.97944,1.22196,0
21.5166,8.9756,1.21937,0
21.5333,8.97176,1.2168,0
21.55,8.96791,1.21424,0
21.5666,8.96406,1.2117,0
21.5833,8.96019,1.20917,0
21.6,8.95633,1.20666,0
21.6166,8.95245,1.20416,0
21.6333,8.94857,1.20168,0
21.65,8.94468,1.19921,0
21.6666,8.94078,1.19675,0
21.6833,8.93688,1.19432,0
21.7,8.93298,1.19189,0
21.7166,8.92906,1.18948,0
21.7333,8.92514,1.18709,0
21.75,8.92121,1.1847,0
21.7666,8.91728,1.18234,0
21.7833,8.91334,1.17999,0
21.8,8.9094,1.17765,0
21.8166,8.90544,1.17533,0
21.8333,8.90148,1.17302,0
21.85,8.89752,1.17073,0
21.8666,8.89355,1.16845,0
21.8833,8.88957,1.16619,0
21.9,8.88558,1.16394,0
21.9166,8.88159,1.16171,0
21.9333,8.87759,1.15949,0
21.95,8.87359,1.15729,0
21.9666,8.86958,1.1551,0
21.9833,8.86556,1.15293,0
22,8.86154,1.15077,0
22.0166,8.85751,1.14863,0
22.0333,8.85347,1.1465,0
22.05,8.84943,1.14439,0
22.0666,8.84538,1.14229,0
22.0833,8.84133,1.14021,0
22.1,8.83727,1.13814,0
22.1166,8.8332,1.13608,0
22.1333,8.82912,1.13405,0
22.15,8.82505,1.13202,0
22.1666,8.82096,1.13002,0
22.1833,8.81686,1.12802,0
22.2,8.81277,1.12604,0
22.2166,8.80866,1.12408,0
22.2333,8.80455,1.12213,0
22.25,8.80043,1.1202,0
22.2666,8.79631,1.11828,0
22.2833,8.79218,1.11638,0
22.3,8.78804,1.11449,0
22.3166,8.7839,1.11262,0
22.3333,8.77974,1.11076,0
22.35,8.77559,1.10892,0
22.3666,8.77143,1.1071,0
22.3833,8.76726,1.10528,0
22.4,8.76308,1.10349,0
22.4166,8.7589,1.10171,0
22.4333,8.75472,1.09994,0
22.45,8.75052,1.09819,0
22.4666,8.74632,1.09645,0
22.4833,8.74212,1.09473,0
22.5,8.7379,1.09303,0
22.5167,8.73368,1.09134,0
22.5333,8.72946,1.08966,0
22.55,8.72523,1.088,0
22.5666,8.721,1.08636,0
22.5833,8.71675,1.08473,0
22.6,8.7125,1.08312,0
22.6166,8.70825,1.08152,0
22.6333,8.70399,1.07994,0
22.65,8.69972,1.07837,0
22.6666,8.69544,1.07682,0
22.6833,8.69117,1.07528,0
22.7,8.68688,1.07376,0
22.7166,8.68259,1.07225,0
22.7333,8.67829,1.07076,0
22.75,8.67398,1.06928,0
22.7666,8.66967,1.06782,0
22.7833,8.66536,1.06638,0
22.8,8.66103,1.06495,0
22.8166,8.6567,1.06354,0
22.8333,8.65237,1.06214,0
22.85,8.64803,1.06075,0
22.8666,8.64368,1.05939,0
22.8833,8.63933,1.05803,0
22.9,8.63497,1.0567,0
22.9166,8.6306,1.05537,0
22.9333,8.62623,1.05407,0
22.95,8.62185,1.05278,0
22.9666,8.61747,1.0515,0
22.9833,8.61308,1.05024,0
23,8.60867,1.049,0
23.0166,8.60428,1.04777,0
23.0333,8.59987,1.04656,0
23.05,8.59546,1.04536,0
23.0666,8.59104,1.04418,0
23.0833,8.58661,1.04301,0
23.1,8.58218,1.04186,0
23.1166,8.57774,1.04072,0
23.1333,8.5733,1.0396,0
23.15,8.56885,1.0385,0
23.1666,8.56439,1.03741,0
23.1833,8.55993,1.03633,0
23.2,8.55546,1.03528,0
23.2166,8.55099,1.03423,0
23.2333,8.54651,1.03321,0
23.25,8.54202,1.03219,0
23.2666,8.53753,1.0312,0
23.2833,8.53303,1.03022,0
23.3,8.52853,1.02925,0
23.3166,8.52402,1.0283,0
23.3333,8.5195,1.02737,0
23.35,8.51498,1.02645,0
23.3666,8.51045,1.02555,0
23.3833,8.50592,1.02466,0
23.4,8.50138,1.02379,0
23.4166,8.49683,1.02294,0
23.4333,8.49228,1.0221,0
23.45,8.48773,1.02127,0
23.4666,8.48316,1.02046,0
23.4833,8.47859,1.01967,0
23.5,8.47402,1.01889,0
23.5166,8.46944,1.01813,0
23.5333,8.46485,1.01738,0
23.55,8.46026,1.01665,0
23.5666,8.45566,1.01594,0
23.5833,8.45106,1.01524,0
23.6,8.44645,1.01455,0
23.6166,8.44183,1.01389,0
23.6333,8.43721,1.01323,0
23.65,8.43259,1.0126,0
23.6666,8.42795,1.01198,0
23.6833,8.42331,1.01137,0
23.7,8.41867,1.01078,0
23.7166,8.41402,1.01021,0
23.7333,8.40936,1.00965,0
23.75,8.4047,1.00911,0
23.7666,8.40003,1.00858,0
23.7833,8.39536,1.00807,0
23.8,8.39068,1.00757,0
23.8166,8.38599,1.00709,0
23.8333,8.3813,1.00663,0
23.85,8.37661,1.00618,0
23.8666,8.37191,1.00575,0
23.8833,8.3672,1.00533,0
23.9,8.36248,1.00493,0
23.9166,8.35776,1.00454,0
23.9333,8.35304,1.00417,0
23.95,8.34831,1.00382,0
23.9666,8.34357,1.00348,0
23.9833,8.33883,1.00316,0
24,8.33408,1.00285,0
24.0166,8.32932,1.00256,0
24.0333,8.32457,1.00228,0
24.05,8.3198,1.00202,0
24.0666,8.31503,1.00178,0
24.0833,8.31025,1.00155,0
24.1,8.30547,1.00134,0
24.1166,8.30068,1.00114,0
24.1333,8.29589,1.00096,0
24.15,8.29109,1.00079,0
24.1666,8.28629,1.00064,0
24.1833,8.28148,1.00051,0
24.2,8.27666,1.00039,0
24.2166,8.27184,1.00029,0
24.2333,8.26701,1.0002,0
24.25,8.26218,1.00013,0
24.2666,8.25734,1.00007,0
24.2833,8.2525,1.00003,0
24.3,8.24765,1.00001,0
24.3166,8.24281,1,0
24.3333,8.23793,1.00001,0
24.35,8.23307,1.00003,0
24.3666,8.2282,1.00007,0
24.3833,8.22332,1.00012,0
24.4,8.21844,1.00019,0
24.4166,8.21355,1.00028,0
24.4333,8.20866,1.00038,0
24.45,8.20376,1.0005,0
24.4666,8.19885,1.00063,0
24.4833,8.19394,1.00078,0
24.5,8.18903,1.00095,0
24.5166,8.18411,1.00113,0
24.5333,8.17918,1.00132,0
24.55,8.17425,1.00153,0
24.5666,8.16931,1.00176,0
24.5833,8.16436,1.00201,0
24.6,8.15942,1.00226,0
24.6166,8.15446,1.00254,0
24.6333,8.1495,1.00283,0
24.65,8.14454,1.00314,0
24.6666,8.13957,1.00346,0
24.6833,8.13459,1.0038,0
24.7,8.12961,1.00415,0
24.7166,8.12463,1.00452,0
24.7333,8.11963,1.0049,0
24.75,8.11464,1.0053,0
24.7666,8.10963,1.00572,0
24.7833,8.10462,1.00615,0
24.8,8.09961,1.0066,0
24.8166,8.09459,1.00706,0
24.8333,8.08957,1.00754,0
24.85,8.08454,1.00804,0
24.8666,8.0795,1.00855,0
24.8833,8.07446,1.00907,0
24.9,8.06942,1.00961,0
24.9166,8.06436,1.01017,0
24.9333,8.05931,1.01074,0
24.95,8.05425,1.01133,0
24.9666,8.04918,1.01194,0
24.9833,8.04411,1.01256,0
25,8.03903,1.01319,0
25.0166,8.03395,1.01384,0
25.0333,8.02886,1.01451,0
25.05,8.02377,1.01519,0
25.0666,8.01867,1.01589,0
25.0833,8.01356,1.01661,0
25.1,8.00845,1.01734,0
25.1166,8.00334,1.01808,0
25.1333,7.99822,1.01884,0
25.15,7.99309,1.01962,0
25.1666,7.98796,1.02041,0
25.1833,7.98283,1.02122,0
25.2,7.97769,1.02204,0
25.2166,7.97254,1.02288,0
25.2333,7.96739,1.02374,0
25.25,7.96224,1.02461,0
25.2666,7.95707,1.02549,0
25.2833,7.95191,1.02639,0
25.3,7.94673,1.02731,0
25.3166,7.94156,1.02824,0
25.3333,7.93637,1.02919,0
25.35,7.93119,1.03016,0
25.3666,7.926,1.03114,0
25.3833,7.9208,1.03213,0
25.4,7.9156,1.03314,0
25.4166,7.91039,1.03417,0
25.4333,7.90517,1.03521,0
25.45,7.89996,1.03627,0
25.4666,7.89473,1.03734,0
25.4833,7.8895,1.03843,0
25.5,7.88427,1.03953,0
25.5166,7.87903,1.04065,0
25.5333,7.87379,1.04178,0
25.55,7.86854,1.04294,0
25.5666,7.86329,1.0441,0
25.5833,7.85803,1.04528,0
25.6,7.85276,1.04648,0
25.6166,7.84749,1.04769,0
25.6333,7.84222,1.04892,0
25.65,7.83694,1.05016,0
25.6666,7.83166,1.05142,0
25.6833,7.82637,1.0527,0
25.7,7.82107,1.05399,0
25.7166,7.81577,1.05529,0
25.7333,7.81047,1.05661,0
25.75,7.80516,1.05795,0
25.7666,7.79984,1.0593,0
25.7833,7.79453,1.06067,0
25.8,7.7892,1.06205,0
25.8166,7.78387,1.06345,0
25.8333,7.77854,1.06486,0
25.85,7.7732,1.06629,0
25.8666,7.76786,1.06773,0
25.8833,7.76251,1.06919,0
25.9,7.75715,1.07067,0
25.9166,7.7518,1.07215,0
25.9333,7.74643,1.07366,0
25.95,7.74106,1.07518,0
25.9666,7.73569,1.07672,0
25.9833,7.73031,1.07827,0
26,7.72493,1.07983,0
26.0166,7.71954,1.08142,0
26.0333,7.71414,1.08301,0
26.05,7.70875,1.08463,0
26.0666,7.70334,1.08626,0
26.0833,7.69794,1.0879,0
26.1,7.69253,1.08956,0
26.1166,7.68711,1.09123,0
26.1333,7.68169,1.09292,0
26.15,7.67626,1.09462,0
26.1666,7.67083,1.09634,0
26.1833,7.66539,1.09808,0
26.2,7.65995,1.09983,0
26.2166,7.6545,1.10159,0
26.2333,7.64905,1.10337,0
26.25,7.6436,1.10517,0
26.2666,7.63814,1.10698,0
26.2833,7.63267,1.1088,0
26.3,7.6272,1.11065,0
26.3166,7.62172,1.1125,0
26.3333,7.61625,1.11437,0
26.35,7.61076,1.11626,0
26.3666,7.60527,1.11816,0
26.3833,7.59977,1.12008,0
26.4,7.59428,1.12201,0
26.4166,7.58878,1.12396,0
26.4333,7.58326,1.12592,0
26.45,7.57775,1.1279,0
26.4666,7.57224,1.12989,0
26.4833,7.56671,1.1319,0
26.5,7.56119,1.13392,0
26.5166,7.55566,1.13595,0
26.5333,7.55012,1.13801,0
26.55,7.54458,1.14007,0
26.5666,7.53904,1.14216,0
26.5833,7.53348,1.14425,0
26.6,7.52793,1.14637,0
26.6166,7.52239,1.14849,0
26.6333,7.51681,1.15064,0
26.6501,7.51121,1.1528,0
26.6666,7.50566,1.15496,0
26.6833,7.50009,1.15715,0
26.7,7.49451,1.15935,0
26.7166,7.48892,1.16157,0
26.7333,7.48333,1.1638,0
26.75,7.47773,1.16605,0
26.7666,7.47213,1.16831,0
26.7833,7.46653,1.17058,0
26.8,7.46092,1.17287,0
26.8166,7.4553,1.17518,0
26.8333,7.44968,1.1775,0
26.85,7.44406,1.17984,0
26.8666,7.43843,1.18219,0
26.8833,7.4328,1.18455,0
26.9,7.42717,1.18693,0
26.9166,7.42152,1.18933,0
26.9333,7.41588,1.19174,0
26.95,7.41023,1.19416,0
26.9666,7.40457,1.1966,0
26.9833,7.39891,1.19905,0
27,7.39325,1.20152,0
27.0166,7.38758,1.204,0
27.0333,7.38191,1.2065,0
27.05,7.37623,1.20901,0
27.0666,7.37055,1.21154,0
27.0833,7.36486,1.21408,0
27.1,7.35918,1.21664,0
27.1166,7.35348,1.21921,0
27.1333,7.34778,1.22179,0
27.15,7.34208,1.22439,0
27.1666,7.33637,1.22701,0
27.1833,7.33066,1.22963,0
27.2,7.32494,1.23228,0
27.2166,7.31922,1.23494,0
27.2333,7.3135,1.23761,0
27.25,7.30777,1.2403,0
27.2666,7.30203,1.243,0
27.2833,7.2963,1.24571,0
27.3,7.29055,1.24844,0
27.3166,7.28481,1.25119,0
27.3333,7.27905,1.25395,0
27.35,7.2733,1.25672,0
27.3666,7.26754,1.25951,0
27.3833,7.26177,1.26231,0
27.4,7.256,1.26513,0
27.4166,7.25023,1.26796,0
27.4333,7.24446,1.2708,0
27.45,7.23868,1.27366,0
27.4666,7.23289,1.27653,0
27.4833,7.2271,1.27942,0
27.5001,7.22126,1.28235,0
27.5166,7.21551,1.28524,0
27.5333,7.2097,1.28817,0
27.55,7.2039,1.29112,0
27.5666,7.19809,1.29408,0
27.5833,7.19228,1.29705,0
27.6,7.18645,1.30004,0
27.6166,7.18063,1.30304,0
27.6333,7.1748,1.30606,0
27.65,7.16897,1.30909,0
27.6666,7.16314,1.31213,0
27.6833,7.1573,1.31519,0
27.7,7.15145,1.31826,0
27.7166,7.14561,1.32135,0
27.7333,7.13975,1.32445,0
27.75,7.1339,1.32756,0
27.7666,7.12804,1.33069,0
27.7833,7.12217,1.33383,0
27.8,7.1163,1.33699,0
27.8166,7.11043,1.34016,0
27.8333,7.10456,1.34334,0
27.85,7.09867,1.34654,0
27.8666,7.09279,1.34976,0
27.8833,7.0869,1.35298,0
27.9,7.08101,1.35622,0
27.9166,7.07511,1.35948,0
27.9333,7.06921,1.36274,0
27.95,7.0633,1.36603,0
27.9666,7.05739,1.36932,0
27.9833,7.05148,1.37263,0
28,7.04556,1.37595,0
28.0166,7.03964,1.37929,0
28.0333,7.03372,1.38264,0
28.05,7.02779,1.386,0
28.0666,7.02186,1.38938,0
28.0833,7.01592,1.39277,0
28.1,7.00998,1.39618,0
28.1166,7.00403,1.3996,0
28.1333,6.99808,1.40303,0
28.15,6.99213,1.40648,0
28.1666,6.98617,1.40994,0
28.1833,6.98021,1.41341,0
28.2,6.97425,1.4169,0
28.2166,6.96828,1.4204,0
28.2333,6.96231,1.42391,0
28.25,6.95633,1.42744,0
28.2666,6.95035,1.43098,0
28.2833,6.94437,1.43454,0
28.3,6.93838,1.4381,0
28.3166,6.93239,1.44168,0
28.3333,6.92639,1.44528,0
28.35,6.92039,1.44889,0
28.3666,6.91439,1.45251,0
28.3833,6.90838,1.45614,0
28.4,6.90237,1.45979,0
28.4166,6.89636,1.46345,0
28.4333,6.89034,1.46713,0
28.45,6.88432,1.47082,0
28.4666,6.87829,1.47452,0
28.4833,6.87226,1.47823,0
28.5,6.86622,1.48196,0
28.5166,6.86019,1.4857,0
28.5333,6.85415,1.48946,0
28.55,6.8481,1.49322,0
28.5666,6.84206,1.497,0
28.5833,6.836,1.5008,0
28.6,6.82995,1.5046,0
28.6166,6.82389,1.50842,0
28.6333,6.81782,1.51226,0
28.65,6.81176,1.5161,0
28.6666,6.80568,1.51996,0
28.6833,6.79961,1.52383,0
28.7,6.79353,1.52772,0
28.7166,6.78745,1.53162,0
28.7333,6.78135,1.53554,0
28.75,6.77527,1.53945,0
28.7666,6.76918,1.54339,0
28.7833,6.76309,1.54734,0
28.8,6.75699,1.5513,0
28.8166,6.75088,1.55528,0
28.8333,6.74478,1.55927,0
28.85,6.73867,1.56327,0
28.8666,6.73255,1.56728,0
28.8833,6.72643,1.57131,0
28.9,6.72031,1.57535,0
28.9166,6.71419,1.5794,0
28.9333,6.70806,1.58346,0
28.95,6.70193,1.58754,0
28.9666,6.69579,1.59163,0
28.9833,6.68965,1.59573,0
29,6.68351,1.59985,0
29.0166,6.67736,1.60398,0
29.0333,6.67121,1.60812,0
29.05,6.66506,1.61227,0
29.0666,6.6589,1.61644,0
29.0833,6.65274,1.62061,0
29.1,6.64658,1.6248,0
29.1166,6.64041,1.62901,0
29.1333,6.63424,1.63322,0
29.15,6.62806,1.63745,0
29.1666,6.62189,1.64169,0
29.1833,6.61571,1.64594,0
29.2,6.60952,1.65021,0
29.2166,6.60334,1.65448,0
29.2333,6.59714,1.65877,0
29.25,6.59095,1.66307,0
29.2666,6.58475,1.66739,0
29.2833,6.57855,1.67172,0
29.3,6.57234,1.67605,0
29.3166,6.56613,1.6804,0
29.3333,6.55993,1.68477,0
29.35,6.55371,1.68914,0
29.3666,6.54749,1.69353,0
29.3833,6.54127,1.69793,0
29.4,6.53504,1.70234,0
29.4166,6.52881,1.70676,0
29.4333,6.52258,1.7112,0
29.45,6.51635,1.71565,0
29.4666,6.51011,1.72011,0
29.4833,6.50387,1.72458,0
29.5,6.49762,1.72906,0
29.5166,6.49137,1.73356,0
29.5333,6.48511,1.73807,0
29.55,6.47887,1.74258,0
29.5666,6.47261,1.74711,0
29.5833,6.46635,1.75166,0
29.6,6.46008,1.75621,0
29.6166,6.45382,1.76077,0
29.6333,6.44755,1.76535,0
29.65,6.44127,1.76994,0
29.6666,6.435,1.77454,0
29.6833,6.42872,1.77916,0
29.7,6.42243,1.78378,0
29.7166,6.41614,1.78842,0
29.7333,6.40985,1.79306,0
29.75,6.40356,1.79772,0
29.7666,6.39727,1.80239,0
29.7833,6.39097,1.80708,0
29.8,6.38466,1.81177,0
29.8166,6.37836,1.81648,0
29.8333,6.37205,1.82119,0
29.85,6.36574,1.82592,0
29.8666,6.35942,1.83066,0
29.8833,6.35311,1.83541,0
29.9,6.34678,1.84017,0
29.9166,6.34046,1.84495,0
29.9333,6.33413,1.84973,0
29.95,6.3278,1.85453,0
29.9666,6.32147,1.85934,0
29.9833,6.31513,1.86415,0
30,6.30879,1.86898,0
30.0166,6.30245,1.87382,0
30.0333,6.2961,1.87868,0
30.05,6.28976,1.88354,0
30.0666,6.28341,1.88841,0
30.0833,6.27705,1.8933,0
30.1,6.27069,1.8982,0
30.1166,6.26433,1.9031,0
30.1333,6.25797,1.90802,0
30.15,6.2516,1.91295,0
30.1666,6.24523,1.91789,0
30.1833,6.23885,1.92285,0
30.2,6.23248,1.92781,0
30.2166,6.22611,1.93278,0
30.2333,6.21973,1.93776,0
30.25,6.21334,1.94276,0
30.2666,6.20695,1.94777,0
30.2833,6.20056,1.95278,0
30.3,6.19417,1.95781,0
30.3166,6.18777,1.96285,0
30.3333,6.18138,1.96789,0
30.35,6.17498,1.97295,0
30.3666,6.16857,1.97802,0
30.3833,6.16217,1.9831,0
30.4,6.15576,1.98819,0
30.4166,6.14934,1.9933,0
30.4333,6.14293,1.99841,0
30.45,6.13651,2.00353,0
30.4666,6.13009,2.00866,0
30.4833,6.12367,2.01381,0
30.5,6.11724,2.01896,0
30.5166,6.11081,2.02412,0
30.5333,6.10438,2.0293,0
30.55,6.09794,2.03448,0
30.5666,6.0915,2.03968,0
30.5833,6.08506,2.04489,0
30.6,6.07862,2.0501,0
30.6166,6.07217,2.05533,0
30.6333,6.06573,2.06056,0
30.65,6.05928,2.06581,0
30.6666,6.05282,2.07107,0
30.6833,6.04636,2.07633,0
30.7,6.03991,2.08161,0
30.7166,6.03344,2.0869,0
30.7333,6.02698,2.09219,0
30.75,6.02051,2.0975,0
30.7666,6.01404,2.10282,0
30.7833,6.00757,2.10814,0
30.8,6.00109,2.11348,0
30.8166,5.99461,2.11883,0
30.8333,5.98813,2.12418,0
30.85,5.98165,2.12955,0
30.8666,5.97516,2.13493,0
30.8833,5.96868,2.14031,0
30.9,5.96218,2.14571,0
30.9166,5.95569,2.15111,0
30.9333,5.9492,2.15653,0
30.95,5.9427,2.16195,0
30.9666,5.9362,2.16739,0
30.9833,5.92969,2.17283,0
31,5.92318,2.17829,0
31.0166,5.91668,2.18375,0
31.0333,5.91017,2.18922,0
31.05,5.90365,2.1947,0
31.0666,5.89713,2.2002,0
31.0833,5.8906,2.20571,0
31.1,5.88409,2.21121,0
31.1166,5.87757,2.21673,0
31.1333,5.87104,2.22226,0
31.15,5.86452,2.2278,0
31.1666,5.85798,2.23334,0
31.1833,5.85145,2.2389,0
31.2,5.84491,2.24447,0
31.2166,5.83838,2.25004,0
31.2333,5.83184,2.25563,0
31.25,5.82529,2.26122,0
31.2666,5.81875,2.26682,0
31.2833,5.8122,2.27243,0
31.3,5.80565,2.27806,0
31.3166,5.7991,2.28368,0
31.3333,5.79254,2.28933,0
31.35,5.78598,2.29497,0
31.3666,5.77943,2.30063,0
31.3833,5.77286,2.3063,0
31.4,5.7663,2.31197,0
31.4166,5.75973,2.31766,0
31.4333,5.75316,2.32335,0
31.45,5.74659,2.32905,0
31.4666,5.74002,2.33476,0
31.4833,5.73344,2.34048,0
31.5,5.72686,2.34621,0
31.5166,5.72028,2.35194,0
31.5333,5.7137,2.35769,0
31.55,5.70711,2.36344,0
31.5666,5.70053,2.3692,0
31.5833,5.69394,2.37497,0
31.6,5.68735,2.38075,0
31.6166,5.68075,2.38654,0
31.6333,5.67416,2.39234,0
31.65,5.66756,2.39814,0
31.6666,5.66095,2.40396,0
31.6833,5.65435,2.40978,0
31.7,5.64775,2.41561,0
31.7166,5.64114,2.42144,0
31.7333,5.63453,2.42729,0
31.75,5.62792,2.43314,0
31.7666,5.62131,2.439,0
31.7833,5.61469,2.44488,0
31.8,5.60808,2.45076,0
31.8166,5.60146,2.45664,0
31.8333,5.59484,2.46254,0
31.85,5.58821,2.46844,0
31.8667,5.58157,2.47436,0
31.8833,5.57496,2.48027,0
31.9,5.56833,2.4862,0
31.9166,5.5617,2.49213,0
31.9333,5.55506,2.49808,0
31.95,5.54842,2.50403,0
31.9666,5.54179,2.50998,0
31.9833,5.53514,2.51595,0
32,5.5285,2.52193,0
32.0166,5.52186,2.52791,0
32.0333,5.51521,2.5339,0
32.05,5.50857,2.53989,0
32.0666,5.50191,2.5459,0
32.0833,5.49526,2.55192,0
32.1,5.48861,2.55793,0
32.1166,5.48195,2.56396,0
32.1333,5.47529,2.57,0
32.15,5.46864,2.57604,0
32.1666,5.46197,2.58209,0
32.1833,5.45531,2.58815,0
32.2,5.44864,2.59422,0
32.2166,5.44197,2.60029,0
32.2333,5.43531,2.60637,0
32.25,5.42863,2.61245,0
32.2666,5.42196,2.61855,0
32.2833,5.41529,2.62465,0
32.3,5.40861,2.63076,0
32.3166,5.40193,2.63688,0
32.3333,5.39525,2.643,0
32.35,5.38856,2.64913,0
32.3666,5.38188,2.65527,0
32.3833,5.37519,2.66142,0
32.4,5.36851,2.66757,0
32.4166,5.36182,2.67372,0
32.4333,5.35513,2.67989,0
32.45,5.34842,2.68608,0
32.4666,5.34174,2.69224,0
32.4833,5.33504,2.69843,0
32.5,5.32834,2.70462,0
32.5166,5.32164,2.71082,0
32.5333,5.31494,2.71703,0
32.55,5.30824,2.72324,0
32.5666,5.30153,2.72946,0
32.5833,5.29482,2.73569,0
32.6,5.28811,2.74192,0
32.6166,5.2814,2.74816,0
32.6333,5.27469,2.75441,0
32.65,5.26798,2.76066,0
32.6666,5.26126,2.76692,0
32.6833,5.25454,2.77319,0
32.7,5.24783,2.77946,0
32.7166,5.2411,2.78574,0
32.7333,5.23438,2.79202,0
32.75,5.22766,2.79831,0
32.7666,5.22093,2.80461,0
32.7833,5.2142,2.81092,0
32.8,5.20748,2.81723,0
32.8166,5.20075,2.82354,0
32.8333,5.19402,2.82986,0
32.85,5.18728,2.83619,0
32.8666,5.18055,2.84253,0
32.8833,5.17381,2.84887,0
32.9,5.16707,2.85522,0
32.9166,5.16033,2.86157,0
32.9333,5.15359,2.86793,0
32.95,5.14685,2.8743,0
32.9666,5.1401,2.88067,0
32.9833,5.13336,2.88705,0
33,5.12661,2.89343,0
33.0166,5.11986,2.89982,0
33.0333,5.11313,2.9062,0
33.05,5.10636,2.91261,0
33.0666,5.09961,2.91901,0
33.0833,5.09285,2.92543,0
33.1,5.0861,2.93184,0
33.1166,5.07934,2.93827,0
33.1333,5.07258,2.94469,0
33.15,5.06582,2.95113,0
33.1666,5.05906,2.95757,0
33.1833,5.0523,2.96401,0
33.2,5.04553,2.97046,0
33.2166,5.03877,2.97692,0
33.2333,5.032,2.98338,0
33.25,5.02523,2.98984,0
33.2666,5.01846,2.99632,0
33.2833,5.01169,3.00279,0
33.3,5.00492,3.00927,0
33.3166,4.99815,3.01576,0
33.3333,4.99137,3.02225,0
33.35,4.9846,3.02875,0
33.3666,4.97782,3.03525,0
33.3833,4.97104,3.04176,0
33.4,4.96426,3.04827,0
33.4166,4.95748,3.05479,0
33.4333,4.9507,3.06131,0
33.45,4.94391,3.06784,0
33.4666,4.93713,3.07438,0
33.4833,4.93034,3.08091,0
33.5,4.92355,3.08745,0
33.5166,4.91677,3.094,0
33.5333,4.90998,3.10055,0
33.55,4.90318,3.10711,0
33.5666,4.89639,3.11367,0
33.5833,4.8896,3.12023,0
33.6,4.8828,3.1268,0
33.6166,4.87601,3.13338,0
33.6333,4.86921,3.13996,0
33.65,4.86241,3.14654,0
33.6666,4.85561,3.15313,0
33.6833,4.84881,3.15972,0
33.7,4.84201,3.16632,0
33.7166,4.83521,3.17292,0
33.7333,4.82841,3.17953,0
33.75,4.82159,3.18615,0
33.7666,4.8148,3.19275,0
33.7833,4.80799,3.19937,0
33.8,4.80118,3.20599,0
33.8166,4.79437,3.21262,0
33.8333,4.78756,3.21925,0
33.85,4.78075,3.22589,0
33.8666,4.77394,3.23253,0
33.8833,4.76713,3.23917,0
33.9,4.76031,3.24582,0
33.9166,4.7535,3.25247,0
33.9333,4.74668,3.25912,0
33.95,4.73986,3.26578,0
33.9666,4.73304,3.27245,0
33.9833,4.72623,3.27911,0
34,4.71941,3.28578,0
34.0166,4.71258,3.29246,0
34.0333,4.70576,3.29914,0
34.05,4.69894,3.30582,0
34.0666,4.69211,3.31251,0
34.0833,4.68529,3.3192,0
34.1,4.67846,3.32589,0
34.1166,4.67164,3.33258,0
34.1333,4.66481,3.33928,0
34.15,4.65798,3.34599,0
34.1666,4.65115,3.35269,0
34.1833,4.64432,3.3594,0
34.2,4.63749,3.36611,0
34.2166,4.63066,3.37283,0
34.2333,4.62383,3.37955,0
34.25,4.617,3.38627,0
34.2666,4.61016,3.393,0
34.2833,4.60333,3.39973,0
34.3,4.59649,3.40646,0
34.3166,4.58966,3.4132,0
34.3333,4.58282,3.41994,0
34.35,4.57598,3.42668,0
34.3666,4.56914,3.43342,0
34.3833,4.5623,3.44017,0
34.4,4.55546,3.44692,0
34.4166,4.54862,3.45368,0
34.4333,4.54178,3.46043,0
34.45,4.53494,3.46719,0
34.4666,4.5281,3.47395,0
34.4833,4.52125,3.48072,0
34.5,4.51441,3.48749,0
34.5166,4.50756,3.49426,0
34.5333,4.50071,3.50103,0
34.55,4.49387,3.50781,0
34.5666,4.48703,3.51458,0
34.5833,4.48018,3.52136,0
34.6,4.47333,3.52815,0
34.6166,4.46648,3.53493,0
34.6333,4.45963,3.54172,0
34.65,4.45278,3.54851,0
34.6666,4.44593,3.5553,0
34.6833,4.43908,3.5621,0
34.7,4.43222,3.5689,0
34.7166,4.42537,3.5757,0
34.7333,4.41852,3.5825,0
34.75,4.41166,3.58931,0
34.7666,4.40481,3.59611,0
34.7833,4.39796,3.60292,0
34.8,4.3911,3.60973,0
34.8166,4.38425,3.61654,0
34.8333,4.37739,3.62336,0
34.85,4.37053,3.63017,0
34.8667,4.36366,3.63701,0
34.8833,4.35681,3.64382,0
34.9,4.34996,3.65064,0
34.9166,4.3431,3.65746,0
34.9333,4.33625,3.66428,0
34.95,4.32938,3.67111,0
34.9666,4.32253,3.67794,0
34.9833,4.31566,3.68477,0
35,4.3088,3.69161,0
35.0167,4.30194,3.69845,0
35.0333,4.29508,3.70527,0
35.05,4.28821,3.71212,0
35.0666,4.28135,3.71896,0
35.0833,4.27449,3.72579,0
35.1,4.26763,3.73263,0
35.1166,4.26077,3.73948,0
35.1333,4.2539,3.74632,0
35.15,4.24704,3.75317,0
35.1666,4.24018,3.76002,0
35.1833,4.23331,3.76686,0
35.2,4.22645,3.77372,0
35.2166,4.21958,3.78057,0
35.2333,4.21271,3.78742,0
35.25,4.20585,3.79427,0
35.2666,4.19898,3.80113,0
35.2833,4.19212,3.80798,0
35.3,4.18525,3.81484,0
35.3166,4.17838,3.8217,0
35.3333,4.17152,3.82855,0
35.35,4.16465,3.83542,0
35.3666,4.15778,3.84227,0
35.3833,4.15092,3.84913,0
35.4,4.14405,3.85599,0
35.4166,4.13718,3.86286,0
35.4333,4.13031,3.86972,0
35.45,4.12344,3.87658,0
35.4666,4.11657,3.88345,0
35.4833,4.1097,3.89031,0
35.5,4.10284,3.89718,0
35.5166,4.09597,3.90405,0
35.5333,4.0891,3.91091,0
35.55,4.08223,3.91778,0
35.5666,4.07536,3.92465,0
35.5833,4.06848,3.93153,0
35.6,4.06162,3.93839,0
35.6166,4.05475,3.94526,0
35.6333,4.04788,3.95212,0
35.65,4.04101,3.95899,0
35.6666,4.03414,3.96586,0
35.6833,4.02727,3.97273,0
35.7,4.0204,3.9796,0
35.7166,4.01354,3.98646,0
35.7333,4.00666,3.99334,0
35.75,3.99979,4.00021,0
35.7666,3.99292,4.00708,0
35.7833,3.98605,4.01395,0
35.8,3.97918,4.02082,0
35.8166,3.97231,4.02769,0
35.8333,3.96544,4.03456,0
35.85,3.95857,4.04143,0
35.8666,3.9517,4.0483,0
35.8833,3.94483,4.05517,0
35.9,3.93796,4.06203,0
35.9166,3.93109,4.0689,0
35.9333,3.92422,4.07577,0
35.95,3.91735,4.08265,0
35.9666,3.91048,4.08951,0
35.9833,3.90361,4.09637,0
36,3.89674,4.10324,0
36.0166,3.88987,4.11011,0
36.0333,3.88301,4.11697,0
36.05,3.87614,4.12384,0
36.0666,3.86927,4.1307,0
36.0833,3.8624,4.13756,0
36.1,3.85554,4.14442,0
36.1166,3.84867,4.15128,0
36.1333,3.8418,4.15815,0
36.15,3.83493,4.16501,0
36.1666,3.82806,4.17187,0
36.1833,3.8212,4.17872,0
36.2,3.81433,4.18558,0
36.2166,3.80746,4.19244,0
36.2333,3.80059,4.1993,0
36.25,3.79373,4.20615,0
36.2666,3.78687,4.213,0
36.2833,3.78,4.21985,0
36.2999,3.77315,4.22669,0
36.3166,3.76627,4.23355,0
36.3333,3.7594,4.2404,0
36.35,3.75254,4.24725,0
36.3666,3.74568,4.25409,0
36.3833,3.73881,4.26094,0
36.4,3.73195,4.26778,0
36.4166,3.72509,4.27462,0
36.4333,3.71822,4.28147,0
36.45,3.71136,4.2883,0
36.4666,3.7045,4.29514,0
36.4833,3.69763,4.30198,0
36.5,3.69078,4.30881,0
36.5166,3.68392,4.31564,0
36.5333,3.67705,4.32248,0
36.55,3.6702,4.3293,0
36.5666,3.66334,4.33613,0
36.5833,3.65648,4.34296,0
36.6,3.64962,4.34978,0
36.6166,3.64276,4.3566,0
36.6333,3.63591,4.36342,0
36.65,3.62905,4.37024,0
36.6666,3.62219,4.37706,0
36.6833,3.61533,4.38388,0
36.7,3.60848,4.39069,0
36.7166,3.60162,4.3975,0
36.7333,3.59477,4.40431,0
36.75,3.58791,4.41111,0
36.7666,3.58106,4.41792,0
36.7833,3.57421,4.42472,0
36.8,3.56736,4.43152,0
36.8166,3.5605,4.43832,0
36.8333,3.55365,4.44511,0
36.85,3.5468,4.4519,0
36.8666,3.53995,4.4587,0
36.8833,3.5331,4.46548,0
36.9,3.52625,4.47227,0
36.9166,3.51941,4.47905,0
36.9333,3.51256,4.48583,0
36.95,3.50571,4.49261,0
36.9666,3.49886,4.49939,0
36.9833,3.49202,4.50616,0
37,3.48518,4.51293,0
37.0166,3.47833,4.51969,0
37.0333,3.47148,4.52646,0
37.05,3.46464,4.53322,0
37.0666,3.4578,4.53998,0
37.0833,3.45096,4.54674,0
37.1,3.44412,4.55349,0
37.1166,3.43728,4.56024,0
37.1333,3.43044,4.56699,0
37.15,3.4236,4.57373,0
37.1666,3.41676,4.58048,0
37.1833,3.40992,4.58721,0
37.2,3.40309,4.59395,0
37.2166,3.39625,4.60068,0
37.2333,3.38941,4.60742,0
37.25,3.38258,4.61415,0
37.2666,3.37575,4.62087,0
37.2833,3.36892,4.62758,0
37.3,3.36208,4.6343,0
37.3166,3.35526,4.64101,0
37.3333,3.34843,4.64772,0
37.35,3.3416,4.65443,0
37.3666,3.33477,4.66113,0
37.3833,3.32794,4.66783,0
37.4,3.32112,4.67452,0
37.4166,3.31429,4.68122,0
37.4333,3.30747,4.6879,0
37.45,3.30064,4.69459,0
37.4666,3.29382,4.70127,0
37.4833,3.287,4.70795,0
37.5,3.28018,4.71462,0
37.5166,3.27336,4.72129,0
37.5333,3.26654,4.72796,0
37.55,3.25972,4.73462,0
37.5666,3.2529,4.74128,0
37.5833,3.24609,4.74794,0
37.6,3.23928,4.75459,0
37.6166,3.23245,4.76124,0
37.6333,3.22564,4.76788,0
37.65,3.21884,4.77452,0
37.6666,3.21202,4.78115,0
37.6833,3.20521,4.78778,0
37.7,3.1984,4.79441,0
37.7166,3.19159,4.80103,0
37.7333,3.18479,4.80765,0
37.75,3.17798,4.81427,0
37.7666,3.17118,4.82088,0
37.7833,3.16438,4.82748,0
37.8,3.15757,4.83408,0
37.8166,3.15077,4.84068,0
37.8333,3.14397,4.84727,0
37.85,3.13717,4.85386,0
37.8666,3.13037,4.86044,0
37.8833,3.12357,4.86703,0
37.9,3.11678,4.8736,0
37.9166,3.10998,4.88017,0
37.9333,3.10319,4.88673,0
37.95,3.0964,4.89329,0
37.9666,3.08961,4.89985,0
37.9833,3.08282,4.9064,0
38,3.07603,4.91295,0
38.0166,3.06924,4.91949,0
38.0333,3.06246,4.92603,0
38.05,3.05567,4.93256,0
38.0666,3.04889,4.93909,0
38.0833,3.04211,4.94561,0
38.1,3.03532,4.95213,0
38.1166,3.02855,4.95864,0
38.1333,3.02177,4.96514,0
38.15,3.01499,4.97165,0
38.1666,3.00821,4.97814,0
38.1833,3.00144,4.98464,0
38.2,2.99466,4.99113,0
38.2166,2.98789,4.99761,0
38.2333,2.98112,5.00408,0
38.25,2.97435,5.01055,0
38.2666,2.96758,5.01702,0
38.2833,2.96082,5.02348,0
38.3,2.95405,5.02994,0
38.3166,2.94729,5.03638,0
38.3333,2.94053,5.04283,0
38.35,2.93376,5.04927,0
38.3666,2.927,5.0557,0
38.3833,2.92025,5.06213,0
38.4,2.91349,5.06855,0
38.4166,2.90673,5.07497,0
38.4333,2.89998,5.08138,0
38.45,2.89322,5.08778,0
38.4666,2.88647,5.09418,0
38.4833,2.87972,5.10057,0
38.5,2.87297,5.10697,0
38.5166,2.86623,5.11335,0
38.5333,2.85949,5.11972,0
38.55,2.85274,5.1261,0
38.5666,2.84599,5.13246,0
38.5833,2.83926,5.13882,0
38.6,2.83251,5.14517,0
38.6166,2.8258,5.1515,0
38.6333,2.81904,5.15786,0
38.65,2.8123,5.16419,0
38.6666,2.80557,5.17052,0
38.6833,2.79884,5.17684,0
38.7,2.79211,5.18316,0
38.7166,2.78538,5.18947,0
38.7333,2.77866,5.19577,0
38.75,2.77193,5.20207,0
38.7666,2.76521,5.20836,0
38.7833,2.75848,5.21465,0
38.8,2.75176,5.22093,0
38.8166,2.74504,5.2272,0
38.8333,2.73833,5.23346,0
38.85,2.73161,5.23972,0
38.8666,2.7249,5.24598,0
38.8833,2.71819,5.25222,0
38.9,2.71148,5.25846,0
38.9166,2.70476,5.2647,0
38.9333,2.69806,5.27092,0
38.95,2.69136,5.27714,0
38.9666,2.68465,5.28335,0
38.9833,2.67795,5.28956,0
39,2.67125,5.29576,0
39.0166,2.66455,5.30195,0
39.0333,2.65785,5.30814,0
39.05,2.65116,5.31432,0
39.0666,2.64447,5.32049,0
39.0833,2.63777,5.32665,0
39.1,2.63108,5.33281,0
39.1166,2.6244,5.33896,0
39.1333,2.61771,5.34511,0
39.15,2.61102,5.35124,0
39.1666,2.60434,5.35737,0
39.1833,2.59766,5.3635,0
39.2,2.59098,5.36961,0
39.2167,2.5843,5.37573,0
39.2333,2.57763,5.38182,0
39.25,2.57096,5.38792,0
39.2666,2.56429,5.394,0
39.2833,2.55762,5.40009,0
39.3,2.55095,5.40616,0
39.3166,2.54428,5.41222,0
39.3333,2.53762,5.41828,0
39.35,2.53095,5.42433,0
39.3666,2.52429,5.43038,0
39.3833,2.51763,5.43641,0
39.4,2.51098,5.44244,0
39.4166,2.50433,5.44846,0
39.4333,2.49767,5.45447,0
39.45,2.49102,5.46048,0
39.4667,2.48437,5.46648,0
39.4833,2.47773,5.47246,0
39.5,2.47108,5.47845,0
39.5167,2.46444,5.48442,0
39.5333,2.45779,5.4904,0
39.55,2.45116,5.49634,0
39.5666,2.44453,5.50229,0
39.5833,2.43789,5.50824,0
39.6,2.43126,5.51417,0
39.6166,2.42463,5.5201,0
39.6333,2.41801,5.52601,0
39.65,2.41138,5.53192,0
39.6666,2.40476,5.53783,0
39.6833,2.39813,5.54372,0
39.7,2.39152,5.54961,0
39.7166,2.3849,5.55548,0
39.7333,2.37828,5.56136,0
39.75,2.37167,5.56722,0
39.7666,2.36506,5.57307,0
39.7833,2.35845,5.57892,0
39.8,2.35185,5.58475,0
39.8166,2.34524,5.59058,0
39.8333,2.33864,5.59641,0
39.85,2.33204,5.60222,0
39.8666,2.32544,5.60802,0
39.8833,2.31884,5.61382,0
39.9,2.31225,5.6196,0
39.9166,2.30566,5.62538,0
39.9333,2.29907,5.63115,0
39.95,2.29248,5.63691,0
39.9666,2.2859,5.64267,0
39.9833,2.27931,5.64841,0
40,2.27273,5.65415,0
40.0166,2.26615,5.65987,0
40.0333,2.25958,5.66559,0
40.05,2.253,5.6713,0
40.0666,2.24644,5.677,0
40.0833,2.23986,5.6827,0
40.1,2.2333,5.68838,0
40.1166,2.22674,5.69405,0
40.1333,2.22017,5.69972,0
40.15,2.21361,5.70537,0
40.1666,2.20706,5.71102,0
40.1833,2.2005,5.71666,0
40.2,2.19395,5.72229,0
40.2166,2.1874,5.72791,0
40.2333,2.18085,5.73352,0
40.25,2.17431,5.73912,0
40.2667,2.16775,5.74473,0
40.2833,2.16122,5.7503,0
40.3,2.15468,5.75588,0
40.3166,2.14814,5.76145,0
40.3333,2.14161,5.767,0
40.35,2.13508,5.77255,0
40.3666,2.12855,5.77808,0
40.3833,2.12203,5.78361,0
40.4,2.11551,5.78913,0
40.4166,2.10898,5.79464,0
40.4333,2.10247,5.80014,0
40.45,2.09595,5.80563,0
40.4666,2.08944,5.81111,0
40.4833,2.08293,5.81658,0
40.5,2.07641,5.82205,0
40.5166,2.06991,5.8275,0
40.5333,2.06341,5.83294,0
40.55,2.0569,5.83838,0
40.5667,2.0504,5.84381,0
40.5833,2.04391,5.84922,0
40.6,2.03741,5.85463,0
40.6166,2.03092,5.86002,0
40.6333,2.02444,5.8654,0
40.65,2.01795,5.87078,0
40.6666,2.01147,5.87614,0
40.6833,2.00499,5.8815,0
40.7,1.99851,5.88685,0
40.7166,1.99204,5.89218,0
40.7333,1.98556,5.89751,0
40.75,1.97909,5.90282,0
40.7666,1.97263,5.90813,0
40.7833,1.96616,5.91343,0
40.8,1.9597,5.91871,0
40.8166,1.95324,5.92399,0
40.8333,1.94679,5.92925,0
40.85,1.94033,5.93451,0
40.8666,1.93388,5.93976,0
40.8833,1.92743,5.94499,0
40.9,1.92098,5.95022,0
40.9166,1.91454,5.95543,0
40.9333,1.9081,5.96064,0
40.95,1.90166,5.96583,0
40.9666,1.89523,5.97102,0
40.9833,1.8888,5.97619,0
41,1.88237,5.98136,0
41.0167,1.87593,5.98652,0
41.0333,1.86952,5.99165,0
41.05,1.8631,5.99678,0
41.0666,1.85668,6.00191,0
41.0833,1.85026,6.00702,0
41.1,1.84385,6.01212,0
41.1166,1.83744,6.01721,0
41.1333,1.83104,6.02229,0
41.15,1.82463,6.02736,0
41.1666,1.81823,6.03241,0
41.1833,1.81183,6.03746,0
41.2,1.80543,6.0425,0
41.2166,1.79904,6.04753,0
41.2333,1.79265,6.05254,0
41.25,1.78626,6.05755,0
41.2666,1.77988,6.06254,0
41.2833,1.7735,6.06752,0
41.3,1.76712,6.0725,0
41.3166,1.76075,6.07746,0
41.3333,1.75438,6.08241,0
41.35,1.74801,6.08735,0
41.3666,1.74164,6.09228,0
41.3833,1.73528,6.0972,0
41.4,1.72892,6.1021,0
41.4166,1.72256,6.107,0
41.4333,1.71621,6.11188,0
41.45,1.70985,6.11676,0
41.4666,1.70351,6.12162,0
41.4833,1.69716,6.12647,0
41.5,1.69082,6.13131,0
41.5166,1.68448,6.13614,0
41.5333,1.67814,6.14096,0
41.55,1.67181,6.14577,0
41.5666,1.66548,6.15056,0
41.5833,1.65915,6.15535,0
41.6,1.65283,6.16012,0
41.6166,1.6465,6.16488,0
41.6333,1.64019,6.16963,0
41.65,1.63387,6.17437,0
41.6666,1.62756,6.1791,0
41.6833,1.62125,6.18382,0
41.7,1.61495,6.18852,0
41.7166,1.60865,6.19321,0
41.7333,1.60234,6.1979,0
41.75,1.59605,6.20257,0
41.7666,1.58976,6.20722,0
41.7833,1.58346,6.21187,0
41.8,1.57718,6.21651,0
41.8166,1.5709,6.22113,0
41.8333,1.56462,6.22574,0
41.85,1.55834,6.23034,0
41.8666,1.55207,6.23493,0
41.8833,1.5458,6.23951,0
41.9,1.53953,6.24407,0
41.9166,1.53326,6.24863,0
41.9333,1.527,6.25317,0
41.95,1.52074,6.2577,0
41.9666,1.51449,6.26222,0
41.9833,1.50824,6.26672,0
42,1.50199,6.27122,0
42.0166,1.49575,6.2757,0
42.0333,1.4895,6.28017,0
42.05,1.48327,6.28463,0
42.0666,1.47703,6.28908,0
42.0833,1.4708,6.29351,0
42.1,1.46458,6.29793,0
42.1166,1.45835,6.30234,0
42.1333,1.45213,6.30674,0
42.15,1.44591,6.31113,0
42.1666,1.4397,6.3155,0
42.1833,1.43348,6.31986,0
42.2,1.42727,6.32421,0
42.2166,1.42107,6.32855,0
42.2333,1.41487,6.33288,0
42.25,1.40867,6.33719,0
42.2666,1.40248,6.34149,0
42.2833,1.39628,6.34578,0
42.3,1.3901,6.35006,0
42.3166,1.38391,6.35432,0
42.3333,1.37773,6.35857,0
42.35,1.37155,6.36281,0
42.3666,1.36538,6.36704,0
42.3833,1.35921,6.37125,0
42.4,1.35304,6.37546,0
42.4166,1.34688,6.37965,0
42.4333,1.34072,6.38382,0
42.45,1.33456,6.38799,0
42.4666,1.32841,6.39214,0
42.4833,1.32226,6.39628,0
42.5,1.31611,6.40041,0
42.5166,1.30999,6.40451,0
42.5333,1.30383,6.40862,0
42.55,1.2977,6.41271,0
42.5666,1.29156,6.41679,0
42.5833,1.28544,6.42085,0
42.6,1.27931,6.4249,0
42.6166,1.27319,6.42894,0
42.6333,1.26707,6.43297,0
42.65,1.26096,6.43698,0
42.6666,1.25485,6.44098,0
42.6833,1.24874,6.44497,0
42.7,1.24263,6.44894,0
42.7166,1.23653,6.45291,0
42.7333,1.23044,6.45685,0
42.75,1.22435,6.46079,0
42.7667,1.21825,6.46472,0
42.7833,1.21218,6.46862,0
42.8,1.20609,6.47252,0
42.8166,1.20002,6.4764,0
42.8333,1.19394,6.48028,0
42.85,1.18787,6.48413,0
42.8666,1.1818,6.48798,0
42.8833,1.17574,6.49181,0
42.9,1.16968,6.49563,0
42.9166,1.16362,6.49944,0
42.9333,1.15757,6.50323,0
42.95,1.15152,6.50701,0
42.9666,1.14548,6.51078,0
42.9833,1.13944,6.51453,0
43,1.1334,6.51827,0
43.0166,1.12737,6.522,0
43.0333,1.12134,6.52571,0
43.05,1.11531,6.52941,0
43.0666,1.10929,6.5331,0
43.0833,1.10327,6.53677,0
43.1,1.09726,6.54043,0
43.1166,1.09125,6.54408,0
43.1333,1.08524,6.54771,0
43.15,1.07924,6.55133,0
43.1666,1.07324,6.55494,0
43.1833,1.06725,6.55854,0
43.2,1.06125,6.56212,0
43.2167,1.05526,6.56569,0
43.2333,1.04928,6.56924,0
43.25,1.0433,6.57278,0
43.2666,1.03732,6.5763,0
43.2833,1.03135,6.57982,0
43.3,1.02538,6.58332,0
43.3166,1.01942,6.5868,0
43.3333,1.01346,6.59028,0
43.35,1.0075,6.59374,0
43.3666,1.00155,6.59718,0
43.3833,0.995603,6.60061,0
43.4,0.98966,6.60403,0
43.4167,0.983707,6.60744,0
43.4333,0.977781,6.61082,0
43.45,0.971848,6.6142,0
43.4666,0.965915,6.61757,0
43.4833,0.959993,6.62092,0
43.5,0.954073,6.62425,0
43.5166,0.948153,6.62758,0
43.5333,0.94224,6.63088,0
43.55,0.936332,6.63418,0
43.5667,0.930418,6.63746,0
43.5833,0.924527,6.64072,0
43.6,0.918629,6.64398,0
43.6166,0.912736,6.64722,0
43.6333,0.906851,6.65044,0
43.65,0.900965,6.65365,0
43.6666,0.895084,6.65685,0
43.6833,0.889209,6.66003,0
43.7,0.883335,6.6632,0
43.7166,0.877467,6.66636,0
43.7333,0.871605,6.6695,0
43.75,0.865744,6.67263,0
43.7666,0.859886,6.67574,0
43.7833,0.854033,6.67884,0
43.8,0.848188,6.68193,0
43.8166,0.842344,6.685,0
43.8333,0.836498,6.68806,0
43.85,0.830664,6.6911,0
43.8666,0.824837,6.69413,0
43.8833,0.819009,6.69714,0
43.9,0.813186,6.70015,0
43.9166,0.807368,6.70313,0
43.9333,0.801553,6.7061,0
43.95,0.795744,6.70906,0
43.9666,0.789934,6.71201,0
43.9833,0.784131,6.71494,0
44,0.778336,6.71785,0
44.0166,0.772543,6.72075,0
44.0337,0.766605,6.72372,0
44.05,0.760967,6.72652,0
44.0666,0.755187,6.72937,0
44.0833,0.749412,6.73222,0
44.1,0.743637,6.73505,0
44.1166,0.737869,6.73786,0
44.1333,0.732106,6.74067,0
44.15,0.726347,6.74345,0
44.1666,0.720594,6.74622,0
44.1833,0.714841,6.74898,0
44.2,0.709095,6.75173,0
44.2166,0.703351,6.75446,0
44.2333,0.697612,6.75717,0
44.25,0.691882,6.75987,0
44.2666,0.686152,6.76256,0
44.2833,0.680426,6.76523,0
44.3,0.674708,6.76788,0
44.3166,0.668991,6.77053,0
44.3333,0.663277,6.77316,0
44.35,0.65757,6.77577,0
44.3666,0.651869,6.77837,0
44.3833,0.646165,6.78095,0
44.4,0.64047,6.78352,0
44.4166,0.634784,6.78608,0
44.4333,0.6291,6.78862,0
44.45,0.62342,6.79114,0
44.4666,0.617741,6.79365,0
44.4833,0.612071,6.79615,0
44.5,0.606399,6.79863,0
44.5166,0.600737,6.8011,0
44.5333,0.595081,6.80355,0
44.5499,0.589437,6.80598,0
44.5666,0.583775,6.80841,0
44.5833,0.57813,6.81082,0
44.5999,0.572506,6.81321,0
44.6166,0.566853,6.81559,0
44.6333,0.561221,6.81796,0
44.65,0.555596,6.82031,0
44.6666,0.54997,6.82264,0
44.6833,0.544352,6.82496,0
44.7,0.53874,6.82727,0
44.7166,0.533128,6.82956,0
44.7333,0.527525,6.83183,0
44.75,0.521923,6.83409,0
44.7666,0.516328,6.83634,0
44.7834,0.510724,6.83857,0
44.8,0.505149,6.84078,0
44.8167,0.499564,6.84299,0
44.8333,0.493988,6.84517,0
44.85,0.488416,6.84734,0
44.8666,0.482847,6.8495,0
44.8833,0.477285,6.85164,0
44.9,0.471726,6.85377,0
44.9166,0.466173,6.85588,0
44.9333,0.460623,6.85797,0
44.95,0.455077,6.86005,0
44.9666,0.449538,6.86212,0
44.9833,0.444001,6.86417,0
45,0.438466,6.86621,0
45.0166,0.432941,6.86823,0
45.0333,0.427422,6.87024,0
45.05,0.421905,6.87223,0
45.0667,0.416389,6.8742,0
45.0833,0.410884,6.87616,0
45.1,0.405381,6.87811,0
45.1167,0.399874,6.88004,0
45.1333,0.394389,6.88196,0
45.15,0.388901,6.88386,0
45.1666,0.383417,6.88574,0
45.1833,0.377941,6.88761,0
45.2,0.372464,6.88947,0
45.2166,0.366994,6.89131,0
45.2333,0.361531,6.89313,0
45.25,0.356067,6.89494,0
45.2666,0.350609,6.89674,0
45.2833,0.34516,6.89852,0
45.3,0.339711,6.90028,0
45.3166,0.334273,6.90203,0
45.3333,0.328838,6.90376,0
45.35,0.323405,6.90548,0
45.3666,0.31798,6.90719,0
45.3833,0.312559,6.90887,0
45.4,0.307136,6.91055,0
45.4167,0.30172,6.91221,0
45.4333,0.296321,6.91385,0
45.45,0.290919,6.91547,0
45.4666,0.285521,6.91708,0
45.4833,0.28013,6.91868,0
45.5,0.274743,6.92026,0
45.5166,0.269357,6.92183,0
45.5333,0.26398,6.92338,0
45.55,0.258609,6.92491,0
45.5666,0.253234,6.92643,0
45.5833,0.247873,6.92794,0
45.6,0.242516,6.92943,0
45.6166,0.237163,6.9309,0
45.6333,0.231813,6.93236,0
45.65,0.226469,6.9338,0
45.6666,0.221132,6.93523,0
45.6833,0.215799,6.93664,0
45.7,0.210469,6.93804,0
45.7166,0.205145,6.93942,0
45.7333,0.199826,6.94079,0
45.75,0.194511,6.94214,0
45.7666,0.189213,6.94347,0
45.7833,0.183899,6.94479,0
45.8,0.1786,6.94609,0
45.8166,0.173308,6.94738,0
45.8333,0.168018,6.94866,0
45.85,0.162735,6.94991,0
45.8666,0.157458,6.95116,0
45.8833,0.152182,6.95238,0
45.9,0.146915,6.95359,0
45.9166,0.141648,6.95479,0
45.9333,0.136389,6.95597,0
45.95,0.131135,6.95714,0
45.9666,0.125888,6.95829,0
45.9833,0.12064,6.95942,0
46,0.115405,6.96054,0
46.0166,0.110175,6.96164,0
46.0333,0.104946,6.96273,0
46.05,0.0997237,6.9638,0
46.0666,0.0945053,6.96486,0
46.0833,0.089293,6.9659,0
46.1,0.0840847,6.96692,0
46.1166,0.0788838,6.96793,0
46.1333,0.0736837,6.96893,0
46.15,0.0684919,6.9699,0
46.1666,0.0633032,6.97087,0
46.1833,0.0581185,6.97182,0
46.2,0.0529434,6.97275,0
46.2166,0.0477734,6.97366,0
46.2333,0.0426086,6.97456,0
46.25,0.0374468,6.97545,0
46.2666,0.0322902,6.97632,0
46.2833,0.0271399,6.97717,0
46.3,0.0219937,6.97801,0
46.3166,0.0168549,6.97883,0
46.3333,0.0117106,6.97964,0
46.35,0.00658437,6.98043,0
46.3666,0.00146124,6.98121,0
46.3833,-0.00365665,6.98197,0
46.4,-0.00877143,6.98271,0
46.4166,-0.0138799,6.98344,0
46.4333,-0.0189831,6.98415,0
46.45,-0.02408,6.98485,0
46.4667,-0.029179,6.98553,0
46.4833,-0.0342632,6.9862,0
46.5,-0.0393452,6.98685,0
46.5166,-0.0444231,6.98748,0
46.5333,-0.0494956,6.9881,0
46.55,-0.0545607,6.9887,0
46.5666,-0.0596216,6.98929,0
46.5833,-0.0646771,6.98986,0
46.6,-0.0697316,6.99042,0
46.6166,-0.0747743,6.99096,0
46.6333,-0.0798149,6.99149,0
46.65,-0.0848523,6.992,0
46.6666,-0.08988,6.99249,0
46.6833,-0.0949035,6.99297,0
46.7,-0.0999227,6.99343,0
46.7166,-0.104933,6.99388,0
46.7333,-0.109943,6.99431,0
46.75,-0.114944,6.99472,0
46.7666,-0.119943,6.99512,0
46.7833,-0.124935,6.99551,0
46.8,-0.129919,6.99587,0
46.8167,-0.134904,6.99623,0
46.8333,-0.139881,6.99656,0
46.85,-0.144846,6.99688,0
46.8666,-0.149811,6.99719,0
46.8833,-0.154771,6.99748,0
46.9,-0.159724,6.99775,0
46.9166,-0.164671,6.99801,0
46.9333,-0.169613,6.99825,0
46.95,-0.17455,6.99848,0
46.9666,-0.179481,6.99869,0
46.9833,-0.184408,6.99888,0
47,-0.189328,6.99906,0
47.0166,-0.194245,6.99923,0
47.0333,-0.199155,6.99938,0
47.05,-0.204059,6.99951,0
47.0666,-0.208956,6.99962,0
47.0833,-0.213852,6.99973,0
47.1,-0.218741,6.99981,0
47.1166,-0.223624,6.99988,0
47.1333,-0.2285,6.99993,0
47.15,-0.233373,6.99997,0
47.1666,-0.238238,6.99999,0
47.1833,-0.243104,7,0
47.2,-0.247951,6.99999,0
47.2166,-0.2528,6.99997,0
47.2333,-0.257642,6.99992,0
47.25,-0.262481,6.99987,0
47.2666,-0.267315,6.9998,0
47.2833,-0.272139,6.99971,0
47.3,-0.27696,6.9996,0
47.3166,-0.281776,6.99948,0
47.3333,-0.286586,6.99935,0
47.35,-0.291389,6.9992,0
47.3668,-0.296239,6.99903,0
47.3833,-0.300983,6.99885,0
47.4,-0.305768,6.99865,0
47.4166,-0.310551,6.99844,0
47.4333,-0.315329,6.99821,0
47.45,-0.320097,6.99796,0
47.4666,-0.324861,6.9977,0
47.4833,-0.32962,6.99743,0
47.5,-0.334374,6.99713,0
47.5166,-0.33912,6.99682,0
47.5333,-0.343861,6.9965,0
47.55,-0.348601,6.99616,0
47.5666,-0.353329,6.99581,0
47.5833,-0.358054,6.99543,0
47.6,-0.362778,6.99505,0
47.6166,-0.367488,6.99465,0
47.6333,-0.372196,6.99423,0
47.65,-0.376899,6.99379,0
47.6671,-0.381727,6.99333,0
47.6833,-0.386284,6.99288,0
47.7,-0.390969,6.9924,0
47.7167,-0.39565,6.9919,0
47.7333,-0.400321,6.99139,0
47.75,-0.404988,6.99086,0
47.7667,-0.409653,6.99032,0
47.7833,-0.414306,6.98976,0
47.8,-0.418955,6.98918,0
47.8167,-0.423603,6.98859,0
47.8333,-0.428241,6.98799,0
47.85,-0.43287,6.98736,0
47.8666,-0.437496,6.98673,0
47.8833,-0.442119,6.98607,0
47.9,-0.446735,6.9854,0
47.9166,-0.451344,6.98472,0
47.9333,-0.455946,6.98402,0
47.95,-0.460545,6.9833,0
47.9667,-0.46514,6.98257,0
47.9833,-0.469724,6.98182,0
48,-0.474304,6.98106,0
48.0166,-0.478877,6.98028,0
48.0333,-0.483446,6.97949,0
48.05,-0.488008,6.97868,0
48.0666,-0.492564,6.97785,0
48.0833,-0.497116,6.97701,0
48.1,-0.50166,6.97616,0
48.1166,-0.506199,6.97528,0
48.1333,-0.51073,6.9744,0
48.15,-0.515259,6.97349,0
48.1666,-0.519779,6.97257,0
48.1833,-0.524296,6.97164,0
48.2,-0.528806,6.97069,0
48.2166,-0.533308,6.96972,0
48.2333,-0.537807,6.96874,0
48.2499,-0.542286,6.96775,0
48.2667,-0.546788,6.96673,0
48.2833,-0.551264,6.9657,0
48.3,-0.555737,6.96466,0
48.3166,-0.560206,6.9636,0
48.3333,-0.564667,6.96253,0
48.35,-0.569123,6.96144,0
48.3666,-0.573572,6.96033,0
48.3833,-0.578004,6.95921,0
48.4,-0.582464,6.95807,0
48.4166,-0.586886,6.95692,0
48.4333,-0.591309,6.95575,0
48.45,-0.59573,6.95457,0
48.4666,-0.600143,6.95337,0
48.4833,-0.604552,6.95215,0
48.5,-0.608961,6.95092,0
48.5166,-0.613351,6.94968,0
48.5333,-0.61774,6.94842,0
48.55,-0.622119,6.94714,0
48.5666,-0.6265,6.94585,0
48.5833,-0.630872,6.94454,0
48.6,-0.635237,6.94322,0
48.6166,-0.639594,6.94188,0
48.6333,-0.643949,6.94053,0
48.65,-0.648295,6.93916,0
48.6666,-0.652637,6.93778,0
48.6833,-0.65697,6.93638,0
48.7,-0.6613,6.93496,0
48.7166,-0.665621,6.93353,0
48.7333,-0.669938,6.93209,0
48.75,-0.674248,6.93062,0
48.7666,-0.678552,6.92915,0
48.7833,-0.682852,6.92766,0
48.8,-0.687143,6.92615,0
48.8166,-0.691428,6.92463,0
48.8333,-0.695706,6.92309,0
48.85,-0.699983,6.92154,0
48.8666,-0.704248,6.91997,0
48.8833,-0.708508,6.91838,0
48.9,-0.712765,6.91678,0
48.9166,-0.717013,6.91517,0
48.9333,-0.721257,6.91354,0
48.95,-0.725492,6.91189,0
48.9666,-0.729723,6.91023,0
48.9833,-0.733947,6.90856,0
48.9999,-0.738152,6.90687,0
49.0166,-0.742377,6.90516,0
49.0333,-0.746582,6.90344,0
49.05,-0.750779,6.9017,0
