X,Y,Z
8.02528,6.98312,0
8.045,6.96211,0
8.06153,6.95144,0
7.97916,6.97079,0
8.05927,6.95434,0
8.05389,6.97434,0
8.04289,6.99357,0
8.03027,6.97005,0
8.03538,7.01854,0
8.03863,7.02591,0
8.08186,7.01656,0
8.07056,6.97468,0
8.07697,7.00558,0
8.07359,7.03148,0
8.09756,7.00039,0
8.06319,7.03593,0
8.09514,7.01692,0
8.11689,7.00634,0
8.05995,7.00044,0
8.12888,7.00278,0
8.08001,6.98672,0
8.12887,6.99537,0
8.13403,6.99762,0
8.13236,6.96775,0
8.12987,7.02313,0
8.15071,6.98733,0
8.1524,7.00432,0
8.13691,6.97216,0
8.12142,7.01398,0
8.18771,6.9709,0
8.14222,6.96542,0
8.15512,7.01337,0
8.1309,6.98591,0
8.1721,6.9826,0
8.18148,6.97356,0
8.19088,6.99059,0
8.18371,7.00818,0
8.17331,6.99724,0
8.20796,7.01379,0
8.19778,6.98548,0
8.18784,7.0255,0
8.23327,7.02937,0
8.22953,6.97138,0
8.22896,6.97643,0
8.20449,6.99013,0
8.19864,7.05221,0
8.23767,6.97877,0
8.19334,6.96167,0
8.26798,7.01335,0
8.22234,6.99266,0
8.25262,6.99077,0
8.27043,6.99393,0
8.25349,7.03807,0
8.28073,6.98052,0
8.30241,6.99538,0
8.27325,6.99214,0
8.27989,7.0084,0
8.31084,7.03879,0
8.2655,6.98443,0
8.33121,6.98943,0
8.30693,7.00765,0
8.32578,6.97857,0
8.3137,6.98553,0
8.29868,6.99818,0
8.30643,7.0282,0
8.37319,7.00972,0
8.34536,7.00157,0
8.35893,6.99761,0
8.35009,6.99591,0
8.34862,6.96752,0
8.30213,6.98142,0
8.37193,7.02141,0
8.3464,7.01654,0
8.38467,6.96703,0
8.40797,6.97188,0
8.35755,7.01978,0
8.38619,6.99218,0
8.35927,6.97965,0
8.38275,6.96164,0
8.42527,7.01225,0
8.38649,6.98301,0
8.40431,6.96934,0
8.41346,6.97224,0
8.39421,6.98046,0
8.36979,7.01964,0
8.42295,6.99233,0
8.36819,6.99032,0
8.44302,7.00826,0
8.44388,6.99824,0
8.43037,7.02823,0
8.45715,7.01907,0
8.45475,6.95627,0
8.47005,6.97234,0
8.48111,6.99242,0
8.46107,6.98738,0
8.44005,6.97804,0
8.4627,6.99653,0
8.50018,7.00686,0
8.50294,6.99009,0
8.49685,6.99081,0
8.48946,6.98637,0
8.48799,6.9821,0
8.47806,6.97739,0
8.50593,6.98168,0
8.52559,6.96955,0
8.53363,6.95095,0
8.54253,6.94196,0
8.51542,6.93849,0
8.51318,6.96423,0
8.54797,6.96897,0
8.54576,6.95035,0
8.57104,6.92028,0
8.542,6.98692,0
8.54263,6.99838,0
8.56897,6.9712,0
8.60369,6.95625,0
8.53795,6.95261,0
8.5373,6.94425,0
8.56941,6.98823,0
8.58555,6.94499,0
8.59863,6.95396,0
8.57325,6.96248,0
8.5664,6.93631,0
8.5867,6.92852,0
8.56542,6.91654,0
8.60832,6.93025,0
8.60336,6.96145,0
8.59149,6.96364,0
8.60078,6.97242,0
8.62105,6.93465,0
8.59814,6.93996,0
8.6776,6.92494,0
8.6154,6.94776,0
8.64392,6.95129,0
8.64715,6.93998,0
8.63579,6.91439,0
8.66544,6.92056,0
8.66715,6.93022,0
8.69212,6.95258,0
8.6614,6.92384,0
8.64219,6.91964,0
8.66618,6.93745,0
8.68532,6.91846,0
8.67881,6.90084,0
8.69166,6.91423,0
8.69266,6.93126,0
8.71973,6.92416,0
8.70385,6.92521,0
8.67176,6.92755,0
8.70748,6.90084,0
8.69579,6.91604,0
8.72069,6.92741,0
8.74768,6.9149,0
8.71844,6.91393,0
8.73382,6.90455,0
8.68676,6.91264,0
8.7319,6.91289,0
8.71395,6.89778,0
8.75015,6.91256,0
8.77551,6.91176,0
8.75794,6.90621,0
8.7732,6.89314,0
8.73065,6.94129,0
8.74711,6.88463,0
8.77556,6.86257,0
8.76713,6.88957,0
8.73932,6.91553,0
8.77378,6.89835,0
8.79407,6.86306,0
8.78759,6.86139,0
8.8038,6.89931,0
8.80578,6.84722,0
8.80391,6.89512,0
8.8208,6.91354,0
8.82303,6.85049,0
8.84596,6.90789,0
8.8335,6.90905,0
8.85663,6.84976,0
8.83806,6.88494,0
8.82505,6.90986,0
8.85683,6.87461,0
8.80537,6.8207,0
8.87604,6.89126,0
8.87238,6.8447,0
8.85117,6.84529,0
8.87747,6.85743,0
8.83489,6.84817,0
8.89874,6.85795,0
8.81849,6.84037,0
8.90454,6.84548,0
8.8726,6.83189,0
8.889,6.83787,0
8.88292,6.86283,0
8.88363,6.84872,0
8.87484,6.85541,0
8.89034,6.83824,0
8.87352,6.80591,0
8.86165,6.84449,0
8.89743,6.82123,0
8.96595,6.80867,0
8.95632,6.81146,0
8.93759,6.83935,0
8.90478,6.80516,0
8.9515,6.78904,0
8.91495,6.82473,0
8.91529,6.8124,0
8.91498,6.82847,0
8.91509,6.82411,0
8.97907,6.7796,0
8.95838,6.80574,0
8.92319,6.82043,0
8.95308,6.761,0
8.97845,6.769,0
8.99803,6.81089,0
8.97452,6.77392,0
8.99523,6.75561,0
8.95511,6.77601,0
9.01059,6.76363,0
8.97419,6.78459,0
8.93978,6.8124,0
8.98662,6.7679,0
9.00917,6.77216,0
9.00466,6.77538,0
9.02525,6.76797,0
8.97945,6.7819,0
9.01533,6.77873,0
9.05163,6.72226,0
9.04059,6.74642,0
9.03047,6.79056,0
9.03921,6.75321,0
9.04318,6.74656,0
9.04705,6.74296,0
9.0294,6.72022,0
9.01908,6.73058,0
9.02806,6.73799,0
9.06492,6.7385,0
9.04093,6.73373,0
9.03922,6.70385,0
9.05021,6.72784,0
9.10718,6.7419,0
9.09133,6.67585,0
9.11721,6.69269,0
9.05222,6.72033,0
9.10577,6.6841,0
9.10107,6.72544,0
9.07303,6.67751,0
9.06481,6.70654,0
9.08006,6.74999,0
9.05912,6.67612,0
9.10633,6.69671,0
9.12807,6.69153,0
9.06064,6.67467,0
9.09568,6.67662,0
9.10498,6.68552,0
9.16145,6.67378,0
9.09046,6.63648,0
9.11863,6.64566,0
9.14401,6.68803,0
9.14567,6.68871,0
9.11879,6.65927,0
9.16635,6.64543,0
9.18295,6.62791,0
9.18361,6.64456,0
9.14629,6.66353,0
9.18417,6.69101,0
9.22469,6.62185,0
9.16802,6.6638,0
9.1652,6.65549,0
9.20602,6.61492,0
9.18427,6.64011,0
9.17764,6.63703,0
9.21406,6.63683,0
9.17749,6.64597,0
9.22525,6.59839,0
9.16988,6.63172,0
9.18114,6.58463,0
9.21814,6.57296,0
9.15897,6.58064,0
9.22765,6.6341,0
9.20672,6.58259,0
9.1709,6.60926,0
9.19673,6.5731,0
9.22283,6.58542,0
9.21928,6.56395,0
9.21285,6.58554,0
9.20539,6.55007,0
9.23245,6.57683,0
9.23518,6.54232,0
9.2114,6.56367,0
9.27297,6.55286,0
9.23254,6.54515,0
9.2475,6.52661,0
9.22792,6.52666,0
9.25526,6.54105,0
9.26462,6.53794,0
9.25624,6.50341,0
9.26878,6.54524,0
9.28116,6.50909,0
9.27624,6.51467,0
9.305,6.51131,0
9.29449,6.47287,0
9.29115,6.5184,0
9.32547,6.50562,0
9.31592,6.49599,0
9.30284,6.5137,0
9.32798,6.49708,0
9.3119,6.47396,0
9.29774,6.49461,0
9.31967,6.43348,0
9.30188,6.47608,0
9.29258,6.43518,0
9.2797,6.45063,0
9.27567,6.43816,0
9.30827,6.45347,0
9.31338,6.4848,0
9.32037,6.4394,0
9.30903,6.45882,0
9.35097,6.4446,0
9.30169,6.43525,0
9.34694,6.45569,0
9.31715,6.40197,0
9.36742,6.44669,0
9.33429,6.42133,0
9.34139,6.45742,0
9.34026,6.41706,0
9.35485,6.39914,0
9.36879,6.41878,0
9.40707,6.42005,0
9.32463,6.39382,0
9.40208,6.40195,0
9.38311,6.38928,0
9.38268,6.36308,0
9.39671,6.36931,0
9.40156,6.34648,0
9.36086,6.38134,0
9.38584,6.36052,0
9.38543,6.35945,0
9.35659,6.37435,0
9.37664,6.38038,0
9.40866,6.33849,0
9.39513,6.35515,0
9.43748,6.33678,0
9.39566,6.37142,0
9.42176,6.33828,0
9.39656,6.3255,0
9.37365,6.33465,0
9.40981,6.3234,0
9.41263,6.3699,0
9.43577,6.29721,0
9.38639,6.30792,0
9.39416,6.3099,0
9.40614,6.3172,0
9.44569,6.30702,0
9.43831,6.30892,0
9.42104,6.26567,0
9.44001,6.26068,0
9.44198,6.27398,0
9.44902,6.27552,0
9.45902,6.22563,0
9.46266,6.24287,0
9.45395,6.2782,0
9.50996,6.2403,0
9.48308,6.25872,0
9.45269,6.26093,0
9.49178,6.22908,0
9.49726,6.25145,0
9.4685,6.26109,0
9.52094,6.2646,0
9.4592,6.23054,0
9.4975,6.22747,0
9.48541,6.24397,0
9.48009,6.22624,0
9.48936,6.21104,0
9.51216,6.15684,0
9.48924,6.19048,0
9.48476,6.19333,0
9.54975,6.18737,0
9.49066,6.18664,0
9.47787,6.1862,0
9.51772,6.13972,0
9.57277,6.17085,0
9.50327,6.1574,0
9.492,6.14849,0
9.53722,6.17147,0
9.50603,6.17791,0
9.55578,6.12487,0
9.5064,6.11605,0
9.53865,6.15978,0
9.54774,6.14048,0
9.56985,6.15014,0
9.53651,6.1648,0
9.52791,6.13334,0
9.5047,6.07277,0
9.51935,6.12217,0
9.55151,6.12186,0
9.5871,6.11088,0
9.57223,6.06865,0
9.55797,6.12744,0
9.57069,6.06269,0
9.54671,6.06203,0
9.52328,6.07322,0
9.56173,6.07343,0
9.54476,6.03609,0
9.55735,6.05615,0
9.58637,6.03344,0
9.59983,6.06004,0
9.59587,6.01515,0
9.57905,6.03518,0
9.60364,6.02182,0
9.57065,5.98547,0
9.58836,6.02464,0
9.61367,6.02765,0
9.60009,5.98513,0
9.57275,5.96976,0
9.60377,6.02467,0
9.58259,6.00305,0
9.59959,5.97584,0
9.61803,5.97222,0
9.59844,5.98937,0
9.63743,5.95966,0
9.59186,5.96241,0
9.59006,5.93377,0
9.64384,5.9672,0
9.62932,5.94144,0
9.60817,5.95069,0
9.64139,5.94568,0
9.64086,5.9568,0
9.62205,5.89075,0
9.64089,5.92492,0
9.61224,5.90983,0
9.58871,5.86902,0
9.65112,5.95459,0
9.64546,5.94496,0
9.63929,5.89712,0
9.6585,5.89645,0
9.63738,5.88536,0
9.64721,5.9104,0
9.68774,5.86072,0
9.64252,5.86711,0
9.66822,5.889,0
9.66275,5.8983,0
9.64168,5.86352,0
9.71066,5.85888,0
9.65234,5.84286,0
9.68053,5.8413,0
9.70966,5.87826,0
9.65322,5.82377,0
9.68893,5.84752,0
9.68945,5.81457,0
9.69979,5.82692,0
9.67162,5.80746,0
9.71024,5.8039,0
9.68595,5.78584,0
9.71546,5.77414,0
9.70954,5.7573,0
9.74195,5.80951,0
9.69398,5.77681,0
9.70399,5.7627,0
9.67971,5.77503,0
9.75038,5.77077,0
9.71511,5.77898,0
9.71663,5.7287,0
9.75727,5.75327,0
9.69541,5.74113,0
9.70593,5.7198,0
9.73259,5.7275,0
9.70898,5.74607,0
9.72833,5.71112,0
9.72263,5.74975,0
9.71892,5.70022,0
9.74362,5.70314,0
9.73766,5.71644,0
9.70348,5.6631,0
9.73548,5.66757,0
9.74266,5.71523,0
9.73377,5.6657,0
9.71816,5.69037,0
9.76867,5.67723,0
9.76384,5.6788,0
9.72519,5.65596,0
9.70842,5.66365,0
9.74197,5.66063,0
9.77542,5.61384,0
9.76628,5.60336,0
9.75836,5.58698,0
9.75402,5.59992,0
9.7641,5.60709,0
9.75485,5.59828,0
9.7675,5.58921,0
9.76314,5.55431,0
9.74656,5.55767,0
9.74548,5.58328,0
9.78094,5.60779,0
9.7764,5.60211,0
9.79421,5.60353,0
9.78624,5.56887,0
9.76662,5.54131,0
9.79321,5.53699,0
9.79906,5.57202,0
9.75146,5.52364,0
9.78754,5.54234,0
9.7863,5.52387,0
9.81286,5.47854,0
9.77221,5.49463,0
9.79234,5.47485,0
9.81599,5.50454,0
9.81077,5.51751,0
9.7939,5.5162,0
9.81372,5.49449,0
9.79105,5.46005,0
9.82415,5.48713,0
9.80831,5.47283,0
9.78512,5.47434,0
9.77146,5.43909,0
9.84229,5.45,0
9.80567,5.42933,0
9.81503,5.39583,0
9.83456,5.41313,0
9.853,5.42847,0
9.80581,5.42485,0
9.82427,5.40396,0
9.82092,5.39597,0
9.83229,5.41854,0
9.83741,5.40079,0
9.82854,5.42121,0
9.83435,5.37183,0
9.85719,5.36936,0
9.8267,5.33681,0
9.8418,5.36049,0
9.85745,5.3515,0
9.81409,5.33218,0
9.85056,5.33449,0
9.85664,5.34871,0
9.83018,5.33637,0
9.81419,5.31933,0
9.82979,5.30349,0
9.8774,5.32077,0
9.84515,5.32179,0
9.86929,5.32437,0
9.8366,5.3169,0
9.84148,5.2688,0
9.85283,5.29712,0
9.8561,5.31029,0
9.87861,5.25475,0
9.83362,5.28628,0
9.88234,5.26514,0
9.86754,5.24234,0
9.81606,5.24436,0
9.85085,5.22895,0
9.87748,5.26482,0
9.8761,5.21063,0
9.86827,5.24164,0
9.86978,5.19148,0
9.89575,5.15837,0
9.90455,5.20855,0
9.90124,5.21278,0
9.88914,5.17763,0
9.91196,5.15933,0
9.90823,5.13348,0
9.84946,5.13766,0
9.8944,5.15107,0
9.86925,5.15701,0
9.885,5.13808,0
9.87439,5.14537,0
9.85519,5.09995,0
9.87504,5.1145,0
9.86701,5.13133,0
9.89264,5.11817,0
9.90386,5.09074,0
9.87474,5.10259,0
9.86226,5.14705,0
9.89425,5.09144,0
9.95384,5.03572,0
9.91462,5.0805,0
9.89571,5.07426,0
9.90706,5.09809,0
9.91971,5.03667,0
9.90876,5.06474,0
9.92102,5.0527,0
9.90296,5.01746,0
9.89432,5.02841,0
9.89577,5.01637,0
9.91236,5.02819,0
9.88914,5.00827,0
9.91616,4.96133,0
9.9248,5.03869,0
9.89676,4.96936,0
9.94787,4.94448,0
9.9326,4.96093,0
9.90717,4.97974,0
9.8907,4.94814,0
9.93728,4.96052,0
9.90187,4.98581,0
9.92666,4.95192,0
9.90553,4.95187,0
9.96053,4.92678,0
9.93198,4.94732,0
9.93405,4.89979,0
9.92224,4.91238,0
9.91739,4.93364,0
9.93262,4.90058,0
9.96899,4.88927,0
9.92948,4.85486,0
9.97135,4.86404,0
9.94551,4.89401,0
9.97054,4.86067,0
9.95208,4.86896,0
9.89507,4.85941,0
9.94706,4.87522,0
9.93586,4.85815,0
9.96212,4.84147,0
9.95605,4.8357,0
9.98574,4.80102,0
9.94902,4.82132,0
9.9506,4.85275,0
9.94861,4.77469,0
9.92384,4.81011,0
9.93241,4.80901,0
9.97542,4.78771,0
9.96416,4.74265,0
9.95936,4.74453,0
9.9498,4.72189,0
9.94323,4.73005,0
9.917,4.70704,0
9.96522,4.74232,0
9.95133,4.73991,0
9.98502,4.70913,0
9.94886,4.71878,0
9.93012,4.716,0
9.98299,4.69104,0
9.97385,4.70252,0
9.95219,4.71123,0
9.96228,4.66106,0
9.96888,4.68982,0
9.97607,4.68602,0
9.9812,4.7037,0
9.95616,4.66363,0
9.94071,4.68225,0
10.0127,4.67569,0
9.97796,4.63419,0
9.94771,4.67867,0
9.94624,4.65636,0
10.0301,4.66556,0
10.0156,4.62836,0
9.93425,4.59649,0
9.95082,4.63009,0
9.95283,4.61574,0
9.98109,4.56203,0
9.98722,4.58899,0
9.91789,4.569,0
9.97239,4.54981,0
10.0109,4.56371,0
10.0052,4.55762,0
9.96732,4.57393,0
9.95757,4.52309,0
9.95926,4.53741,0
9.95014,4.53617,0
9.96346,4.56212,0
9.97308,4.50983,0
9.99606,4.48242,0
9.98076,4.50862,0
9.99859,4.51751,0
9.97108,4.50335,0
9.9924,4.46655,0
9.96579,4.46819,0
9.91551,4.46436,0
9.96798,4.46707,0
9.97351,4.47214,0
9.98077,4.44355,0
9.97234,4.43049,0
10.0064,4.42496,0
9.9774,4.4432,0
9.96939,4.43449,0
9.99522,4.42979,0
9.97052,4.42513,0
9.95533,4.36616,0
10.0167,4.36843,0
9.95594,4.35726,0
9.98833,4.37166,0
9.9915,4.35219,0
9.96599,4.35187,0
9.96664,4.33765,0
10.0002,4.34726,0
10.0049,4.3301,0
10.0204,4.275,0
10.0104,4.35279,0
9.94374,4.2973,0
10.0039,4.30866,0
10.0107,4.29617,0
10.015,4.27946,0
9.97232,4.26793,0
10.0154,4.28338,0
10.0205,4.32144,0
10.0306,4.25021,0
9.96919,4.28141,0
10.0142,4.23641,0
9.99592,4.27412,0
10.0016,4.25196,0
10.0174,4.24654,0
9.96585,4.2567,0
9.9778,4.26068,0
9.995,4.20465,0
10.0078,4.19022,0
9.98636,4.19698,0
9.99119,4.21208,0
9.98144,4.16414,0
9.97937,4.16844,0
10.0038,4.17757,0
9.99756,4.12042,0
10.0146,4.17074,0
10.0016,4.16896,0
9.98535,4.13282,0
9.99318,4.15632,0
9.96896,4.12766,0
9.99447,4.13502,0
10.014,4.11763,0
10.0257,4.09028,0
10.015,4.14722,0
10.0247,4.10256,0
9.9862,4.07311,0
10.0022,4.03863,0
9.9789,4.10539,0
10.0169,4.06178,0
10.0157,4.08063,0
10.0014,4.06792,0
10.0023,4.08397,0
10.0075,4.02353,0
9.99461,4.03044,0
10.0126,3.99648,0
9.99699,3.98731,0
9.98048,4.02335,0
10.0189,4.05357,0
10.0106,4.00251,0
10.0115,4.03252,0
10.0066,3.99909,0
9.99348,3.96831,0
9.98951,3.9819,0
10.0085,3.99668,0
10.0078,3.96567,0
9.99951,3.90227,0
10.0306,3.93082,0
10.0148,3.95506,0
9.99054,3.92548,0
9.98526,3.90928,0
9.99561,3.92625,0
10.0359,3.94309,0
10.0126,3.90377,0
9.99719,3.92371,0
10.0145,3.89192,0
10.027,3.90707,0
9.96327,3.87901,0
10.0562,3.90506,0
10.0028,3.8599,0
9.9835,3.87641,0
10.0053,3.83719,0
9.99333,3.81988,0
10.0244,3.8256,0
9.98308,3.8589,0
10.0064,3.84854,0
10.0031,3.83973,0
9.94835,3.82176,0
9.97505,3.77986,0
10.01,3.79888,0
10.0007,3.8077,0
10.0022,3.76973,0
10.0066,3.77871,0
9.97362,3.76761,0
10.0292,3.75969,0
9.99573,3.76259,0
9.99026,3.75953,0
9.99758,3.76003,0
9.98367,3.70893,0
10.0258,3.75567,0
10.0138,3.72156,0
9.98048,3.72606,0
10.0162,3.72734,0
10.0207,3.67903,0
10,3.69592,0
10.004,3.69369,0
9.98443,3.63486,0
9.98129,3.65273,0
9.99486,3.6581,0
9.97021,3.63996,0
10.0005,3.64087,0
9.96029,3.64295,0
9.96455,3.6478,0
10.025,3.62194,0
9.97555,3.6369,0
9.9758,3.61682,0
9.96962,3.60047,0
9.96529,3.63915,0
9.98618,3.6161,0
9.97914,3.59233,0
9.98264,3.59972,0
10.0015,3.60985,0
9.99175,3.58003,0
10.0082,3.56843,0
9.95047,3.56978,0
10.0035,3.53559,0
9.9669,3.57805,0
9.95148,3.52409,0
9.99732,3.54306,0
9.99022,3.55215,0
9.9793,3.51609,0
10.0018,3.54639,0
9.95871,3.52731,0
10.0063,3.50492,0
10.002,3.49417,0
9.98066,3.50508,0
9.95291,3.44963,0
10.0104,3.48274,0
10.0031,3.47799,0
9.99818,3.44916,0
9.9649,3.44216,0
9.97789,3.44956,0
9.93892,3.46049,0
9.93718,3.43335,0
9.94208,3.40572,0
9.99002,3.41719,0
9.95732,3.40574,0
9.94977,3.39211,0
9.97632,3.41094,0
9.9327,3.40894,0
9.99902,3.35961,0
9.97417,3.39909,0
9.96286,3.36769,0
10.002,3.37174,0
9.96889,3.35628,0
9.95736,3.32656,0
9.95546,3.3532,0
9.96147,3.34273,0
9.97139,3.37023,0
9.94983,3.30526,0
9.95953,3.28627,0
9.90771,3.28954,0
9.9836,3.31909,0
9.96061,3.31644,0
9.96054,3.31627,0
9.9289,3.28848,0
9.97745,3.31339,0
9.93098,3.27642,0
9.97511,3.26059,0
9.938,3.23625,0
9.94912,3.25245,0
9.98005,3.25383,0
9.97429,3.22315,0
9.93398,3.26562,0
9.92504,3.23776,0
9.94078,3.2024,0
9.93753,3.22595,0
9.92015,3.15406,0
9.93059,3.20436,0
9.96402,3.20108,0
9.95386,3.19129,0
9.93137,3.18976,0
9.94825,3.18227,0
9.95192,3.16979,0
9.88937,3.18185,0
9.94235,3.14294,0
9.9415,3.15958,0
9.94734,3.16342,0
9.95818,3.14115,0
9.91203,3.13125,0
9.91283,3.10942,0
9.92646,3.12788,0
9.97912,3.10954,0
9.93743,3.11216,0
9.91187,3.08455,0
9.95688,3.09244,0
9.8983,3.08728,0
9.94357,3.0691,0
9.94189,3.10152,0
9.96164,3.07031,0
9.90431,3.00884,0
9.92463,3.0348,0
9.95518,3.04696,0
9.92581,3.04432,0
9.90365,2.99763,0
9.93438,3.03208,0
9.90383,3.00945,0
9.92021,3.01656,0
9.88441,2.99575,0
9.89244,3.01176,0
9.92294,3.00727,0
9.93867,2.97492,0
9.9223,3.00113,0
9.93823,2.9513,0
9.93901,2.96008,0
9.9147,2.99329,0
9.90451,2.91967,0
9.90247,2.92394,0
9.93266,2.9411,0
9.88691,2.98856,0
9.92915,2.95549,0
9.90255,2.93142,0
9.89145,2.87072,0
9.89326,2.93323,0
9.90449,2.91027,0
9.92276,2.86982,0
9.89409,2.88872,0
9.88835,2.87923,0
9.86819,2.86718,0
9.90878,2.87818,0
9.87018,2.84124,0
9.91456,2.87326,0
9.88736,2.87144,0
9.89212,2.85036,0
9.87426,2.81451,0
9.89758,2.82227,0
9.87856,2.81324,0
9.90557,2.81485,0
9.86036,2.80569,0
9.87367,2.81134,0
9.90279,2.82978,0
9.85738,2.80239,0
9.86422,2.79682,0
9.91133,2.77822,0
9.86659,2.81746,0
9.837,2.79076,0
9.83505,2.7287,0
9.87439,2.75708,0
9.86762,2.7379,0
9.88006,2.77559,0
9.85094,2.73584,0
9.86521,2.74337,0
9.86727,2.74133,0
9.88391,2.74567,0
9.87035,2.69504,0
9.85936,2.698,0
9.87399,2.70252,0
9.88281,2.75094,0
9.85446,2.67494,0
9.85373,2.68256,0
9.81647,2.7083,0
9.84698,2.6643,0
9.85811,2.66118,0
9.83785,2.69992,0
9.83968,2.64753,0
9.84013,2.60743,0
9.83286,2.62414,0
9.82649,2.6113,0
9.8708,2.64223,0
9.81692,2.61878,0
9.83599,2.59652,0
9.87548,2.59947,0
9.833,2.59473,0
9.83004,2.55427,0
9.83703,2.58227,0
9.81303,2.61554,0
9.79455,2.58828,0
9.76826,2.54046,0
9.79354,2.55925,0
9.79837,2.53978,0
9.79656,2.56565,0
9.80025,2.53881,0
9.81081,2.53706,0
9.8144,2.51242,0
9.82108,2.5091,0
9.7873,2.52954,0
9.80894,2.52113,0
9.77118,2.49113,0
9.80924,2.47914,0
9.79982,2.48454,0
9.79949,2.45299,0
9.78507,2.44486,0
9.77298,2.50259,0
9.77373,2.50039,0
9.76331,2.44387,0
9.79926,2.4704,0
9.78204,2.45391,0
9.78261,2.44854,0
9.74044,2.44298,0
9.76378,2.4264,0
9.79401,2.43103,0
9.77109,2.39696,0
9.73162,2.43218,0
9.77041,2.44895,0
9.77499,2.4071,0
9.76321,2.3219,0
9.7462,2.41831,0
9.7409,2.40311,0
9.75317,2.35699,0
9.73702,2.38195,0
9.77778,2.37787,0
9.79089,2.37728,0
9.73219,2.35364,0
9.76231,2.36037,0
9.7584,2.29783,0
9.75375,2.34223,0
9.75735,2.34651,0
9.75422,2.3441,0
9.70795,2.32279,0
9.74759,2.27669,0
9.758,2.35433,0
9.70577,2.31393,0
9.73798,2.30369,0
9.73428,2.31401,0
9.73921,2.31198,0
9.72305,2.26384,0
9.70562,2.2895,0
9.73783,2.29713,0
9.76959,2.2643,0
9.73483,2.26168,0
9.6809,2.24378,0
9.69773,2.2812,0
9.69713,2.24228,0
9.696,2.27131,0
9.69265,2.2529,0
9.73855,2.22487,0
9.72683,2.21118,0
9.69157,2.24797,0
9.70456,2.2043,0
9.71052,2.23627,0
9.69927,2.22904,0
9.72253,2.18981,0
9.68729,2.17781,0
9.72011,2.17504,0
9.71664,2.16896,0
9.70405,2.16942,0
9.70513,2.15043,0
9.67194,2.20794,0
9.69842,2.15803,0
9.64737,2.13989,0
9.66949,2.13878,0
9.66957,2.14305,0
9.65171,2.16122,0
9.61338,2.14155,0
9.71498,2.14792,0
9.66438,2.1442,0
9.6537,2.10712,0
9.68635,2.1196,0
9.65537,2.10657,0
9.64922,2.11449,0
9.67279,2.0864,0
9.63553,2.07895,0
9.67199,2.09386,0
9.62443,2.07525,0
9.6556,2.05491,0
9.62113,2.04424,0
9.64162,2.06219,0
9.66721,2.01354,0
9.63591,2.06094,0
9.61161,2.0787,0
9.62737,2.04305,0
9.64096,2.05775,0
9.60237,2.01908,0
9.65006,2.04836,0
9.63275,2.03136,0
9.61953,2.02209,0
9.61657,2.01624,0
9.64107,1.98556,0
9.60437,1.99223,0
9.58888,2.00394,0
9.61003,2.02016,0
9.5626,1.97561,0
9.62886,1.99303,0
9.58545,1.98856,0
9.57875,1.98305,0
9.59028,1.92772,0
9.58276,1.93185,0
9.61116,1.99203,0
9.60805,1.97575,0
9.57498,1.91649,0
9.56337,1.96418,0
9.55748,1.96794,0
9.55787,1.94421,0
9.55661,1.96669,0
9.58854,1.92127,0
9.56876,1.97096,0
9.5962,1.91354,0
9.56785,1.87999,0
9.58347,1.87918,0
9.54974,1.89205,0
9.54115,1.91697,0
9.56822,1.88286,0
9.53024,1.86186,0
9.53613,1.85634,0
9.52201,1.87452,0
9.53408,1.85604,0
9.53774,1.87717,0
9.52398,1.85036,0
9.51757,1.88108,0
9.53636,1.88487,0
9.51458,1.86564,0
9.49791,1.84431,0
9.50511,1.84872,0
9.51873,1.83117,0
9.52353,1.80211,0
9.48448,1.78887,0
9.50436,1.79923,0
9.48817,1.82452,0
9.49209,1.78767,0
9.52504,1.80484,0
9.50841,1.79118,0
9.51571,1.79135,0
9.50926,1.80548,0
9.48475,1.76542,0
9.50309,1.75704,0
9.50898,1.77448,0
9.43859,1.76892,0
9.4915,1.78263,0
9.46342,1.76809,0
9.48374,1.76195,0
9.48837,1.76809,0
9.49292,1.73878,0
9.43838,1.72364,0
9.49665,1.74815,0
9.48855,1.71906,0
9.41449,1.73124,0
9.48259,1.75725,0
9.42872,1.71306,0
9.44419,1.71968,0
9.41726,1.70524,0
9.41903,1.70511,0
9.42789,1.72941,0
9.40697,1.71408,0
9.42831,1.70519,0
9.41436,1.69178,0
9.44128,1.70885,0
9.40115,1.70078,0
9.46617,1.65093,0
9.38111,1.68779,0
9.43872,1.6433,0
9.39522,1.643,0
9.397,1.64482,0
9.40149,1.64174,0
9.40668,1.64241,0
9.40399,1.62809,0
9.37338,1.6661,0
9.37699,1.62094,0
9.38044,1.66232,0
9.34694,1.63972,0
9.41111,1.60958,0
9.38384,1.61966,0
9.41579,1.58053,0
9.3662,1.61582,0
9.38713,1.58191,0
9.35992,1.61724,0
9.37813,1.61435,0
9.3547,1.61957,0
9.36326,1.60956,0
9.36051,1.56875,0
9.32513,1.55256,0
9.38706,1.55563,0
9.34886,1.55586,0
9.32669,1.56098,0
9.35926,1.57641,0
9.34325,1.5401,0
9.33417,1.54175,0
9.35987,1.54805,0
9.35728,1.57639,0
9.28276,1.52613,0
9.30634,1.54387,0
9.30938,1.53359,0
9.31126,1.51995,0
9.29207,1.4926,0
9.30608,1.52968,0
9.33362,1.52714,0
9.30542,1.52901,0
9.31912,1.51636,0
9.31284,1.50522,0
9.30634,1.51325,0
9.3356,1.50585,0
9.30233,1.51322,0
9.27596,1.52171,0
9.2773,1.49001,0
9.2725,1.50329,0
9.26125,1.4782,0
9.26162,1.50927,0
9.27603,1.48296,0
9.25609,1.48751,0
9.25196,1.46975,0
9.29208,1.44083,0
9.24576,1.4623,0
9.24819,1.45477,0
9.24249,1.48076,0
9.24761,1.47429,0
9.23369,1.44319,0
9.23537,1.44287,0
9.2549,1.42891,0
9.21228,1.39773,0
9.23886,1.45332,0
9.19074,1.42414,0
9.23993,1.43781,0
9.26,1.43543,0
9.24544,1.416,0
9.19708,1.40801,0
9.20521,1.41714,0
9.21231,1.43704,0
9.21751,1.37603,0
9.17886,1.37911,0
9.21585,1.3975,0
9.17845,1.41993,0
9.22262,1.41541,0
9.19572,1.40334,0
9.15348,1.37439,0
9.17016,1.40057,0
9.19045,1.40563,0
9.16949,1.40712,0
9.14694,1.4128,0
9.1505,1.3786,0
9.1694,1.38295,0
9.13715,1.38588,0
9.13259,1.37048,0
9.1629,1.34301,0
9.14175,1.34562,0
9.09225,1.32808,0
9.13607,1.34253,0
9.16707,1.36173,0
9.15808,1.31741,0
9.09765,1.33417,0
9.12516,1.33274,0
9.12007,1.3253,0
9.12724,1.32644,0
9.1128,1.35661,0
9.10751,1.31074,0
9.08168,1.3472,0
9.0863,1.32919,0
9.0836,1.28185,0
9.1108,1.30187,0
9.0661,1.33535,0
9.1032,1.26607,0
9.08009,1.30945,0
9.12046,1.32745,0
9.06981,1.29824,0
9.1024,1.27268,0
9.0648,1.30058,0
9.11111,1.2584,0
9.04793,1.2955,0
9.03614,1.28692,0
9.0669,1.28854,0
9.04076,1.2689,0
9.03823,1.27604,0
9.04769,1.28866,0
9.02106,1.23123,0
9.07079,1.27764,0
9.04277,1.25262,0
9.03621,1.2739,0
9.05662,1.26127,0
9.02511,1.24168,0
9.03451,1.24805,0
8.98153,1.27533,0
9.01861,1.23432,0
9.01062,1.24709,0
9.0334,1.25725,0
9.00659,1.27337,0
8.98175,1.28344,0
9.00657,1.22068,0
8.98416,1.27499,0
8.95601,1.23474,0
8.9768,1.21874,0
8.99148,1.2264,0
8.98021,1.20334,0
8.98978,1.21007,0
8.93932,1.1753,0
8.98408,1.19984,0
8.97012,1.21971,0
8.91773,1.2005,0
8.95033,1.19529,0
8.9692,1.21464,0
8.94993,1.18321,0
8.9623,1.21026,0
8.97127,1.16916,0
8.90954,1.18214,0
8.94294,1.1855,0
8.89471,1.19087,0
8.95907,1.20934,0
8.94624,1.19034,0
8.92174,1.13579,0
8.88643,1.18071,0
8.90427,1.18361,0
8.84864,1.15505,0
8.89979,1.13568,0
8.87635,1.16438,0
8.85766,1.16545,0
8.90455,1.17044,0
8.86212,1.17367,0
8.86399,1.15843,0
8.90761,1.1685,0
8.86927,1.16879,0
8.88546,1.16695,0
8.8499,1.12699,0
8.88884,1.14869,0
8.82716,1.14296,0
8.85971,1.1553,0
8.84,1.12869,0
8.84474,1.12528,0
8.84549,1.15664,0
8.862,1.14471,0
8.80567,1.14335,0
8.80037,1.14534,0
8.79507,1.12317,0
8.79418,1.08455,0
8.83813,1.13529,0
8.7997,1.12598,0
8.83196,1.11598,0
8.79873,1.10788,0
8.80047,1.12743,0
8.79034,1.08779,0
8.79606,1.09408,0
8.77429,1.10583,0
8.79633,1.13228,0
8.78227,1.09148,0
8.74776,1.12268,0
8.74502,1.12161,0
8.70724,1.10172,0
8.75744,1.0721,0
8.77786,1.13503,0
8.75726,1.10802,0
8.78027,1.09182,0
8.7312,1.09531,0
8.71465,1.07277,0
8.7331,1.04568,0
8.72534,1.09431,0
8.7278,1.07386,0
8.6922,1.07672,0
8.73521,1.11832,0
8.73006,1.07541,0
8.74164,1.07905,0
8.67775,1.07042,0
8.67294,1.06971,0
8.68107,1.06828,0
8.69753,1.07699,0
8.66985,1.08979,0
8.6645,1.06823,0
8.69259,1.06301,0
8.70937,1.07206,0
8.65019,1.07345,0
8.67771,1.06149,0
8.64726,1.08536,0
8.62825,1.06861,0
8.64793,1.04412,0
8.63124,1.06231,0
8.63733,1.03092,0
8.63258,1.08576,0
8.62866,1.06596,0
8.6292,1.06785,0
8.63198,1.05841,0
8.60309,1.04088,0
8.66142,1.03752,0
8.61705,1.04021,0
8.60699,1.05193,0
8.5834,1.01401,0
8.58367,1.02504,0
8.60684,1.04523,0
8.57612,1.03376,0
8.56882,1.04847,0
8.57571,1.0442,0
8.60723,1.04253,0
8.58387,0.999896,0
8.57676,1.00387,0
8.53521,1.01875,0
8.57052,1.0366,0
8.5179,1.03011,0
8.55049,1.03123,0
8.49356,1.00911,0
8.57342,1.04245,0
8.51249,1.00213,0
8.54238,1.04379,0
8.53948,1.03465,0
8.53833,1.01712,0
8.52071,1.03201,0
8.51251,1.03603,0
8.52207,1.01433,0
8.4999,1.00852,0
8.4693,1.0339,0
8.45965,1.00754,0
8.50692,1.00305,0
8.45673,1.0182,0
8.45575,1.02047,0
8.47589,1.03667,0
8.4491,1.03321,0
8.46976,1.04679,0
8.46643,1.03409,0
8.41692,1.00832,0
8.4306,1.00801,0
8.45215,0.99959,0
8.4491,1.0283,0
8.41981,1.02517,0
8.44267,1.01953,0
8.39965,1.05896,0
8.40997,1.0137,0
8.43343,1.00697,0
8.40553,1.01128,0
8.38101,0.969322,0
8.40247,1.00447,0
8.42008,1.04112,0
8.38125,1.00876,0
8.32588,0.970527,0
8.3879,0.977159,0
8.38535,1.01189,0
8.36693,1.01649,0
8.38004,1.01439,0
8.33757,0.979197,0
8.32934,0.981552,0
8.36057,0.993987,0
8.36975,1.00841,0
8.33335,1.02271,0
8.32013,1.02876,0
8.30106,1.01928,0
8.33574,1.0316,0
8.35697,0.982581,0
8.31573,1.01828,0
8.31621,1.02405,0
8.32347,0.971135,0
8.29663,1.00473,0
8.31432,0.970374,0
8.32837,0.999715,0
8.27824,0.975127,0
8.25343,0.998424,0
8.29012,1.00695,0
8.26557,0.994404,0
8.28176,1.00317,0
8.30432,0.995574,0
8.28203,0.985501,0
8.24031,0.982755,0
8.26557,0.992716,0
8.28468,1.02173,0
8.21923,0.989771,0
8.21624,0.993225,0
8.22735,1.01785,0
8.23343,0.991363,0
8.24376,1.03978,0
8.23492,1.028,0
8.19548,0.97485,0
8.17019,1.02177,0
8.20286,1.00776,0
8.18241,0.98868,0
8.20403,1.04324,0
8.20906,1.00337,0
8.19219,0.998116,0
8.2265,1.00615,0
8.16768,1.0003,0
8.16189,0.984001,0
8.18301,1.0122,0
8.20966,0.989019,0
8.14599,0.981982,0
8.12716,1.01128,0
8.13184,1.02673,0
8.15215,1.00255,0
8.12056,1.02915,0
8.14181,1.00313,0
8.14359,1.02268,0
8.10227,1.00069,0
8.11856,1.01885,0
8.09723,0.978359,0
8.13387,1.02818,0
8.10207,1.00089,0
8.1061,1.01535,0
8.06173,0.994432,0
8.11352,1.01485,0
8.10566,0.997141,0
8.06341,1.01756,0
8.05496,0.989313,0
8.02768,1.0162,0
8.08005,0.998704,0
8.05525,1.02243,0
8.05487,1.03036,0
8.08113,1.04453,0
8.07824,1.03387,0
8.0483,1.01726,0
8.02912,1.03047,0
8.01947,1.04488,0
7.99649,1.03559,0
8.01573,1.01047,0
7.98677,1.02997,0
7.99782,1.00361,0
8.0078,1.02059,0
7.99171,1.04984,0
7.98411,1.04675,0
7.97965,1.03192,0
7.98964,1.02328,0
7.98447,1.01626,0
7.98185,0.961492,0
7.95813,1.01369,0
7.95554,1.01784,0
7.93368,1.02613,0
7.91379,1.06065,0
7.9784,1.0195,0
7.96039,1.03903,0
7.88954,1.03471,0
7.94203,1.05599,0
7.90494,1.03209,0
7.92292,1.05392,0
7.91194,1.02033,0
7.92298,1.04082,0
7.89234,1.03809,0
7.88348,1.05153,0
7.89832,1.02193,0
7.92318,1.03081,0
7.86899,1.03584,0
7.90526,1.01517,0
7.83769,1.05713,0
7.83738,1.00287,0
7.83871,1.07383,0
7.86118,1.053,0
7.84283,1.06953,0
7.82837,1.06725,0
7.81676,1.04931,0
7.82618,1.07591,0
7.84112,1.0409,0
7.79858,1.04788,0
7.83827,1.02117,0
7.82448,1.04699,0
7.79072,1.05044,0
7.81196,1.05587,0
7.81324,1.09601,0
7.81524,1.04816,0
7.78931,1.07338,0
7.78032,1.05984,0
7.77659,1.09323,0
7.78756,1.07747,0
7.81401,1.04765,0
7.77438,1.0402,0
7.71783,1.056,0
7.75103,1.08937,0
7.73723,1.07705,0
7.74881,1.06711,0
7.74493,1.07376,0
7.71059,1.07785,0
7.71855,1.08076,0
7.69951,1.09257,0
7.71429,1.03945,0
7.74635,1.10183,0
7.70655,1.08757,0
7.74285,1.08537,0
7.70297,1.07462,0
7.70416,1.12386,0
7.68412,1.09618,0
7.68073,1.10907,0
7.65067,1.12044,0
7.66753,1.0493,0
7.63477,1.11501,0
7.64971,1.09062,0
7.6255,1.10159,0
7.66885,1.13815,0
7.62833,1.11584,0
7.65381,1.0913,0
7.60031,1.13317,0
7.62108,1.15337,0
7.62811,1.10502,0
7.61332,1.12731,0
7.63065,1.11148,0
7.60239,1.13629,0
7.59303,1.08768,0
7.61044,1.12807,0
7.58958,1.14978,0
7.55832,1.14976,0
7.58687,1.12175,0
7.58293,1.13701,0
7.55412,1.14189,0
7.6245,1.15237,0
7.51793,1.14545,0
7.55862,1.13867,0
7.52072,1.1541,0
7.50595,1.14347,0
7.53788,1.16181,0
7.55216,1.17027,0
7.50249,1.10055,0
7.51267,1.17675,0
7.50499,1.16666,0
7.51359,1.14764,0
7.49496,1.16992,0
7.47677,1.16702,0
7.49894,1.14555,0
7.45525,1.15872,0
7.4656,1.15781,0
7.46224,1.16001,0
7.45116,1.16612,0
7.44884,1.17672,0
7.4633,1.2132,0
7.4603,1.16705,0
7.46416,1.15168,0
7.44428,1.14402,0
7.46225,1.18548,0
7.45612,1.16375,0
7.39278,1.20755,0
7.41822,1.18792,0
7.37535,1.17741,0
7.3745,1.18164,0
7.41383,1.20756,0
7.43676,1.23913,0
7.37785,1.21375,0
7.40632,1.1984,0
7.38183,1.18667,0
7.37234,1.19057,0
7.35744,1.20092,0
7.37548,1.22657,0
7.38736,1.20364,0
7.39672,1.25084,0
7.32749,1.26324,0
7.32231,1.22606,0
7.33756,1.24317,0
7.32933,1.25472,0
7.31503,1.21773,0
7.33376,1.24819,0
7.29976,1.24863,0
7.30458,1.22364,0
7.32441,1.26189,0
7.30565,1.27057,0
7.26929,1.27759,0
7.26411,1.22541,0
7.28127,1.32328,0
7.25288,1.26964,0
7.24059,1.26479,0
7.24898,1.29104,0
7.22512,1.27085,0
7.21148,1.26647,0
7.21039,1.23896,0
7.21795,1.28182,0
7.20796,1.28685,0
7.21289,1.26326,0
7.21834,1.29626,0
7.20546,1.29227,0
7.20164,1.27285,0
7.17397,1.3207,0
7.15994,1.33093,0
7.20128,1.30594,0
7.18343,1.29296,0
7.15006,1.29712,0
7.1296,1.34365,0
7.12261,1.33612,0
7.1729,1.31851,0
7.11206,1.29738,0
7.17853,1.32395,0
7.17866,1.35465,0
7.14699,1.31699,0
7.13895,1.29985,0
7.15244,1.33215,0
7.08818,1.34691,0
7.1227,1.32304,0
7.0549,1.34437,0
7.09973,1.3852,0
7.06823,1.389,0
7.0221,1.34566,0
7.07901,1.36581,0
7.06363,1.34347,0
7.0484,1.36146,0
7.09681,1.3782,0
7.0529,1.34751,0
7.04118,1.33685,0
7.04499,1.37292,0
7.02089,1.38905,0
7.04746,1.36601,0
7.01876,1.37324,0
7.01003,1.36386,0
7.04437,1.3819,0
7.00212,1.38318,0
6.99877,1.3751,0
6.98699,1.4221,0
6.98722,1.46095,0
7.0257,1.41706,0
6.9769,1.44165,0
6.98625,1.41794,0
6.92257,1.40995,0
6.96996,1.43535,0
6.9517,1.41416,0
6.91926,1.47712,0
6.9262,1.40879,0
6.93217,1.44351,0
6.93834,1.43566,0
6.96504,1.43052,0
6.93616,1.47344,0
6.90797,1.47559,0
6.90463,1.43159,0
6.90858,1.48602,0
6.8804,1.45752,0
6.91937,1.48379,0
6.83812,1.48183,0
6.83896,1.50668,0
6.89506,1.42822,0
6.8903,1.50919,0
6.84532,1.48424,0
6.81178,1.46349,0
6.83771,1.45407,0
6.83313,1.49815,0
6.83567,1.5134,0
6.83038,1.53187,0
6.79813,1.55028,0
6.83052,1.51666,0
6.8271,1.51747,0
6.81045,1.5334,0
6.76559,1.50247,0
6.81317,1.53038,0
6.81116,1.51264,0
6.7717,1.56282,0
6.7818,1.54007,0
6.77864,1.53262,0
6.74606,1.51728,0
6.74912,1.58573,0
6.7341,1.59126,0
6.78097,1.53829,0
6.70068,1.57656,0
6.71534,1.55272,0
6.70904,1.58693,0
6.71867,1.56022,0
6.70678,1.60474,0
6.73214,1.57723,0
6.69963,1.57467,0
6.72313,1.56693,0
6.65378,1.58694,0
6.6712,1.57884,0
6.64383,1.59771,0
6.65548,1.6088,0
6.66695,1.60679,0
6.66546,1.57987,0
6.66611,1.61353,0
6.62974,1.64154,0
6.65799,1.62973,0
6.61002,1.64031,0
6.63812,1.62,0
6.61779,1.63264,0
6.62217,1.62995,0
6.58655,1.66831,0
6.62631,1.63178,0
6.60862,1.65024,0
6.5572,1.64105,0
6.54807,1.65725,0
6.59775,1.64611,0
6.53563,1.67944,0
6.55474,1.70732,0
6.58781,1.6874,0
6.55534,1.70117,0
6.55646,1.67717,0
6.55757,1.68628,0
6.5211,1.71239,0
6.50266,1.71559,0
6.49717,1.72549,0
6.50743,1.74024,0
6.5309,1.68214,0
6.47817,1.71913,0
6.46044,1.73423,0
6.45411,1.74895,0
6.47587,1.73693,0
6.46018,1.7289,0
6.51039,1.73492,0
6.44756,1.73211,0
6.48263,1.78075,0
6.44435,1.75816,0
6.47665,1.80086,0
6.40764,1.78815,0
6.41003,1.78288,0
6.40599,1.77688,0
6.40793,1.79859,0
6.39477,1.81477,0
6.41561,1.75937,0
6.37304,1.79948,0
6.39613,1.80389,0
6.38456,1.80077,0
6.41997,1.81189,0
6.36479,1.84242,0
6.3846,1.83999,0
6.37599,1.81579,0
6.34973,1.8199,0
6.34467,1.828,0
6.33074,1.8255,0
6.32804,1.86445,0
6.33877,1.88791,0
6.33715,1.84633,0
6.33158,1.86402,0
6.35574,1.84974,0
6.24102,1.89675,0
6.26157,1.91042,0
6.2935,1.90112,0
6.29983,1.91071,0
6.26444,1.88794,0
6.29169,1.89606,0
6.23053,1.92359,0
6.27033,1.91024,0
6.24581,1.89596,0
6.27552,1.91629,0
6.25554,1.91188,0
6.24007,1.92885,0
6.23145,1.94978,0
6.20247,1.94254,0
6.21816,1.90994,0
6.20868,1.94056,0
6.20893,1.97266,0
6.18343,1.92403,0
6.2137,1.95652,0
6.19154,1.96886,0
6.1663,1.9672,0
6.16524,1.94763,0
6.16872,1.99689,0
6.13189,1.95566,0
6.15573,1.9657,0
6.13329,2.00979,0
6.13171,2.01533,0
6.12964,1.98523,0
6.10965,2.02334,0
6.13617,2.00719,0
6.09843,2.01421,0
6.08383,2.03262,0
6.11879,2.03975,0
6.064,2.0157,0
6.09717,2.05796,0
6.09094,2.08884,0
6.09055,2.05272,0
6.05558,2.06859,0
6.05086,2.07855,0
6.05352,2.0471,0
6.00738,2.03662,0
6.06601,2.09085,0
6.02926,2.11236,0
5.99586,2.1239,0
6.03882,2.09282,0
6.02727,2.08869,0
5.98557,2.12038,0
5.96933,2.1314,0
6.01742,2.13257,0
6.01826,2.14164,0
5.99716,2.13061,0
5.99248,2.17415,0
5.94799,2.14507,0
5.94724,2.11472,0
5.94844,2.12739,0
5.96022,2.11873,0
5.93874,2.16161,0
5.93981,2.19205,0
5.90208,2.15547,0
5.90355,2.211,0
5.93326,2.17834,0
5.93249,2.1723,0
5.90979,2.18504,0
5.86587,2.18159,0
5.89609,2.20734,0
5.85297,2.18999,0
5.8783,2.24136,0
5.85673,2.21669,0
5.84363,2.2716,0
5.86768,2.25945,0
5.84407,2.2603,0
5.82423,2.21756,0
5.85529,2.22438,0
5.82815,2.29544,0
5.80253,2.27575,0
5.79949,2.26724,0
5.80853,2.27499,0
5.80707,2.27503,0
5.80298,2.26906,0
5.79574,2.28898,0
5.7862,2.29658,0
5.79307,2.3123,0
5.73219,2.32755,0
5.74251,2.31169,0
5.74997,2.31066,0
5.7241,2.31854,0
5.76512,2.34468,0
5.74673,2.3243,0
5.70464,2.30882,0
5.74003,2.33224,0
5.72566,2.3608,0
5.67888,2.34267,0
5.67984,2.37759,0
5.695,2.37475,0
5.72176,2.33529,0
5.70685,2.39147,0
5.64669,2.38924,0
5.67515,2.4035,0
5.68752,2.38291,0
5.64784,2.38017,0
5.68896,2.40128,0
5.65793,2.41393,0
5.65917,2.4326,0
5.63254,2.40003,0
5.63885,2.43938,0
5.64199,2.4332,0
5.61952,2.43435,0
5.6037,2.4227,0
5.59636,2.46833,0
5.57998,2.50841,0
5.59201,2.46755,0
5.567,2.48628,0
5.59376,2.4698,0
5.54646,2.4726,0
5.5444,2.49896,0
5.54934,2.51724,0
5.53493,2.54285,0
5.52812,2.50154,0
5.5365,2.51821,0
5.49051,2.52714,0
5.53234,2.51021,0
5.5024,2.51373,0
5.54198,2.53118,0
5.47425,2.55102,0
5.49622,2.53043,0
5.49354,2.56965,0
5.50399,2.56042,0
5.49684,2.5952,0
5.46368,2.5681,0
5.48093,2.56103,0
5.46889,2.60711,0
5.44011,2.62465,0
5.4393,2.60172,0
5.40456,2.61999,0
5.4121,2.60115,0
5.40606,2.64789,0
5.42228,2.59382,0
5.39116,2.61087,0
5.45709,2.65442,0
5.41214,2.65412,0
5.38286,2.65118,0
5.4196,2.6372,0
5.36753,2.64617,0
5.35734,2.67945,0
5.35507,2.68521,0
5.35195,2.66226,0
5.39128,2.69167,0
5.30954,2.65989,0
5.3501,2.7109,0
5.29464,2.70359,0
5.334,2.73653,0
5.31994,2.69147,0
5.25974,2.75038,0
5.30079,2.73276,0
5.31549,2.77556,0
5.28531,2.70998,0
5.28395,2.73048,0
5.30492,2.71728,0
5.28657,2.76546,0
5.21883,2.81327,0
5.25325,2.77641,0
5.29074,2.81336,0
5.24406,2.80633,0
5.21584,2.77504,0
5.23746,2.82121,0
5.22103,2.80447,0
5.22609,2.81303,0
5.22335,2.82791,0
5.23821,2.81583,0
5.221,2.80862,0
5.1812,2.78818,0
5.18114,2.8148,0
5.15757,2.84165,0
5.20134,2.8564,0
5.15685,2.85021,0
5.16298,2.86068,0
5.18131,2.90614,0
5.17986,2.90779,0
5.1365,2.87584,0
5.11841,2.86023,0
5.09297,2.87854,0
5.12,2.9176,0
5.14354,2.9202,0
5.11104,2.91871,0
5.08356,2.95956,0
5.08985,2.94075,0
5.07855,2.92501,0
5.05826,2.91529,0
5.08241,2.96133,0
5.0483,2.95472,0
5.05553,2.9704,0
5.05916,2.97999,0
5.05813,2.98738,0
5.00182,3.00856,0
5.02215,3.00688,0
5.00468,2.96396,0
5.0287,3.01363,0
4.99384,3.00728,0
4.97627,3.01129,0
4.97176,3.06577,0
5.00242,2.99558,0
4.98176,2.99341,0
4.99306,3.03354,0
5.00636,3.05785,0
4.92858,3.05029,0
4.96406,3.03804,0
4.91399,3.05102,0
4.96875,3.08079,0
4.9146,3.03569,0
4.93242,3.08914,0
4.92979,3.09534,0
4.95122,3.11654,0
4.91917,3.05983,0
4.89605,3.11995,0
4.86449,3.15118,0
4.88958,3.11661,0
4.87645,3.1266,0
4.89217,3.1194,0
4.84041,3.17784,0
4.88128,3.18857,0
4.86349,3.1865,0
4.83041,3.13817,0
4.84851,3.18952,0
4.83214,3.1973,0
4.83903,3.19351,0
4.83306,3.2149,0
4.78981,3.24584,0
4.78017,3.21825,0
4.81829,3.22804,0
4.79503,3.22098,0
4.80042,3.26673,0
4.77166,3.23414,0
4.76063,3.23485,0
4.73758,3.25938,0
4.71466,3.20983,0
4.74903,3.2795,0
4.75025,3.23967,0
4.71509,3.27735,0
4.70642,3.28065,0
4.7243,3.29539,0
4.74734,3.26168,0
4.69527,3.32031,0
4.69671,3.31966,0
4.71312,3.31229,0
4.72908,3.30828,0
4.6787,3.32736,0
4.70763,3.34168,0
4.69753,3.36782,0
4.66467,3.35467,0
4.64585,3.36224,0
4.68171,3.37879,0
4.64608,3.36369,0
4.62424,3.36224,0
4.63161,3.39814,0
4.61367,3.40468,0
4.58853,3.38761,0
4.65175,3.41248,0
4.57523,3.40159,0
4.63047,3.42848,0
4.61548,3.4267,0
4.58817,3.40783,0
4.57199,3.45489,0
4.57717,3.41913,0
4.52651,3.44757,0
4.5644,3.45566,0
4.502,3.4632,0
4.55207,3.48133,0
4.55609,3.44268,0
4.49716,3.47563,0
4.52966,3.49076,0
4.48122,3.483,0
4.49067,3.47427,0
4.52436,3.53251,0
4.4371,3.5247,0
4.46042,3.54708,0
4.46619,3.53519,0
4.48114,3.5193,0
4.46868,3.55189,0
4.42217,3.53643,0
4.42794,3.5533,0
4.46324,3.54009,0
4.42977,3.52801,0
4.42882,3.56863,0
4.42879,3.59749,0
4.41463,3.59902,0
4.41524,3.59344,0
4.42892,3.60537,0
4.40765,3.57745,0
4.37376,3.67021,0
4.36459,3.63682,0
4.36719,3.66908,0
4.36331,3.64046,0
4.372,3.66534,0
4.35917,3.64164,0
4.34864,3.66785,0
4.31314,3.65515,0
4.31365,3.69353,0
4.34781,3.64245,0
4.3027,3.68139,0
4.2803,3.67467,0
4.29562,3.68742,0
4.30702,3.73619,0
4.28665,3.70459,0
4.27257,3.71533,0
4.26707,3.70376,0
4.27824,3.74726,0
4.26672,3.72518,0
4.2761,3.74621,0
4.24787,3.76857,0
4.25798,3.7825,0
4.25918,3.72704,0
4.24699,3.78607,0
4.21986,3.75768,0
4.22083,3.81187,0
4.21473,3.83545,0
4.25323,3.81342,0
4.1609,3.83801,0
4.19496,3.81985,0
4.21426,3.77223,0
4.19629,3.81326,0
4.14529,3.85131,0
4.17073,3.85127,0
4.15277,3.82661,0
4.1121,3.8561,0
4.14575,3.89375,0
4.10152,3.868,0
4.14106,3.88267,0
4.13073,3.84169,0
4.12675,3.88822,0
4.11471,3.88025,0
4.13102,3.88635,0
4.06692,3.91318,0
4.07504,3.94301,0
4.07293,3.91937,0
4.06322,3.90431,0
4.0571,3.92757,0
4.06575,3.94444,0
4.07256,3.94841,0
4.05687,3.94724,0
4.04846,3.94212,0
4.01753,4.00487,0
4.03143,4.01028,0
4.0011,4.00287,0
4.00633,4.00622,0
4.00338,4.00484,0
4.00246,3.9556,0
3.97387,4.02943,0
3.9912,4.01472,0
3.98071,4.03995,0
3.97772,4.0216,0
3.96174,4.05231,0
3.94851,3.99652,0
3.95728,4.07927,0
3.96349,4.07477,0
3.92021,4.06602,0
3.91148,4.10319,0
3.93948,4.06111,0
3.89941,4.08657,0
3.91606,4.10713,0
3.92031,4.11565,0
3.85579,4.11127,0
3.88806,4.09341,0
3.84924,4.11361,0
3.85953,4.13732,0
3.87962,4.10173,0
3.85466,4.12563,0
3.85338,4.12715,0
3.82248,4.12621,0
3.84211,4.18775,0
3.83043,4.16889,0
3.82654,4.18436,0
3.78328,4.19621,0
3.8025,4.16975,0
3.80123,4.18783,0
3.77568,4.17158,0
3.81045,4.20179,0
3.78366,4.21187,0
3.76843,4.23316,0
3.79143,4.1981,0
3.76323,4.23346,0
3.75218,4.23669,0
3.75747,4.20733,0
3.72433,4.26443,0
3.71254,4.26297,0
3.73007,4.31296,0
3.70942,4.30223,0
3.72509,4.29375,0
3.67356,4.30093,0
3.70777,4.29633,0
3.68114,4.29461,0
3.68008,4.32964,0
3.68556,4.33842,0
3.71282,4.34009,0
3.65298,4.34652,0
3.64921,4.36648,0
3.67917,4.37158,0
3.62175,4.33019,0
3.63103,4.36417,0
3.62305,4.40162,0
3.63034,4.37738,0
3.63367,4.40122,0
3.60753,4.42136,0
3.61087,4.38818,0
3.61921,4.38285,0
3.59575,4.40566,0
3.58334,4.39565,0
3.56469,4.45018,0
3.57579,4.43813,0
3.57548,4.43365,0
3.57469,4.44116,0
3.54331,4.46401,0
3.52894,4.4826,0
3.48185,4.4525,0
3.53547,4.4947,0
3.49882,4.50239,0
3.51068,4.44146,0
3.49242,4.47933,0
3.4986,4.49844,0
3.48071,4.49999,0
3.48845,4.49525,0
3.52037,4.5172,0
3.48717,4.57598,0
3.44605,4.55024,0
3.45148,4.52044,0
3.41474,4.58184,0
3.47265,4.5378,0
3.44023,4.60974,0
3.46518,4.58157,0
3.43601,4.53046,0
3.45364,4.6046,0
3.40389,4.61503,0
3.41631,4.57691,0
3.38339,4.5847,0
3.37339,4.63176,0
3.37177,4.6494,0
3.34719,4.60949,0
3.38367,4.62442,0
3.34075,4.64492,0
3.33773,4.6656,0
3.34651,4.61399,0
3.32582,4.66782,0
3.35498,4.67666,0
3.3086,4.66973,0
3.29902,4.67483,0
3.31754,4.68523,0
3.30104,4.70525,0
3.29949,4.70269,0
3.31268,4.71491,0
3.28752,4.70369,0
3.27621,4.72044,0
3.25316,4.71516,0
3.27749,4.72904,0
3.24798,4.7088,0
3.24905,4.73366,0
3.24093,4.75291,0
3.2133,4.73436,0
3.23848,4.76519,0
3.24478,4.74932,0
3.23037,4.78986,0
3.1997,4.77758,0
3.19736,4.77957,0
3.19987,4.80729,0
3.20135,4.79092,0
3.18795,4.81614,0
3.17305,4.82703,0
3.14031,4.79676,0
3.15471,4.83513,0
3.16045,4.81631,0
3.13334,4.85981,0
3.13901,4.87475,0
3.18001,4.85371,0
3.14505,4.85796,0
3.14724,4.84862,0
3.08822,4.87205,0
3.10355,4.86015,0
3.09092,4.84646,0
3.09639,4.89035,0
3.12516,4.91366,0
3.09002,4.92907,0
3.11757,4.90343,0
3.09477,4.88181,0
3.04702,4.9196,0
3.05128,4.92025,0
3.05492,4.91777,0
3.05297,4.93955,0
3.00943,4.94996,0
2.9912,4.96946,0
3.01656,4.974,0
3.00215,4.98162,0
3.03347,4.98131,0
3.00276,4.98386,0
2.98903,4.96829,0
2.99929,4.99815,0
2.96558,5.01562,0
2.96232,4.99376,0
2.95544,5.01885,0
2.9769,5.00867,0
2.97265,5.01487,0
2.93702,5.01056,0
2.95854,5.06571,0
2.92657,5.0337,0
2.95362,5.05759,0
2.91681,5.0799,0
2.90676,5.09478,0
2.88764,5.08934,0
2.86026,5.0573,0
2.88706,5.06362,0
2.88606,5.07444,0
2.87666,5.14998,0
2.84416,5.11362,0
2.86217,5.10987,0
2.86928,5.14165,0
2.79552,5.12786,0
2.84861,5.12116,0
2.82176,5.10823,0
2.86802,5.12998,0
2.7962,5.13737,0
2.84139,5.1575,0
2.80113,5.18846,0
2.80333,5.15404,0
2.77009,5.14955,0
2.77108,5.20404,0
2.80066,5.18329,0
2.78582,5.21309,0
2.80185,5.19798,0
2.7742,5.21487,0
2.77097,5.20685,0
2.73548,5.20437,0
2.74908,5.19935,0
2.75369,5.22693,0
2.75129,5.24137,0
2.75459,5.24749,0
2.73882,5.277,0
2.69615,5.28142,0
2.69875,5.27017,0
2.67676,5.23668,0
2.68578,5.23705,0
2.68551,5.26185,0
2.70667,5.31006,0
2.67857,5.32986,0
2.66885,5.2885,0
2.6817,5.33368,0
2.63491,5.28564,0
2.64154,5.29308,0
2.67041,5.33943,0
2.62239,5.35544,0
2.6088,5.3254,0
2.58396,5.37821,0
2.59686,5.3252,0
2.60716,5.39125,0
2.59759,5.36342,0
2.58695,5.37769,0
2.5519,5.36671,0
2.54466,5.38992,0
2.57348,5.39858,0
2.55385,5.42248,0
2.54594,5.38367,0
2.5532,5.4132,0
2.58865,5.41863,0
2.53175,5.39213,0
2.51262,5.40633,0
2.5022,5.40675,0
2.53688,5.41107,0
2.5224,5.43048,0
2.49716,5.41768,0
2.51508,5.45638,0
2.48094,5.46284,0
2.46567,5.49648,0
2.4483,5.45981,0
2.4542,5.49255,0
2.49467,5.48081,0
2.46266,5.46001,0
2.44623,5.51254,0
2.42723,5.49096,0
2.41378,5.53772,0
2.39685,5.5054,0
2.44603,5.51626,0
2.45229,5.47559,0
2.41507,5.56318,0
2.41635,5.50797,0
2.40868,5.55903,0
2.43151,5.54251,0
2.38175,5.54711,0
2.3339,5.55492,0
2.36061,5.53327,0
2.38726,5.55174,0
2.35069,5.57165,0
2.37371,5.57511,0
2.34524,5.58558,0
2.32243,5.61176,0
2.32757,5.60601,0
2.34111,5.626,0
2.34839,5.57053,0
2.32111,5.60176,0
2.31144,5.61529,0
2.30363,5.61399,0
2.27494,5.62361,0
2.30512,5.62005,0
2.25495,5.64018,0
2.26363,5.63605,0
2.27473,5.65114,0
2.28619,5.70794,0
2.2577,5.67879,0
2.23973,5.70542,0
2.2737,5.72475,0
2.20301,5.67106,0
2.22867,5.71179,0
2.20707,5.69043,0
2.21414,5.72385,0
2.19064,5.69598,0
2.19094,5.68479,0
2.19127,5.72893,0
2.19811,5.71171,0
2.19308,5.75096,0
2.22034,5.7515,0
2.19706,5.74958,0
2.15675,5.71515,0
2.14412,5.73782,0
2.15658,5.75482,0
2.15644,5.75007,0
2.10741,5.77605,0
2.14337,5.77972,0
2.11953,5.81732,0
2.09946,5.79942,0
2.12769,5.81913,0
2.08816,5.82083,0
2.10565,5.81431,0
2.09423,5.80615,0
2.11059,5.81779,0
2.09528,5.80658,0
2.0674,5.79039,0
2.05644,5.83239,0
2.07948,5.82523,0
2.04915,5.82336,0
2.04466,5.85344,0
2.03701,5.83052,0
2.02859,5.87114,0
2.02661,5.84635,0
2.01199,5.84806,0
1.98755,5.87493,0
1.97655,5.89606,0
1.98641,5.8467,0
1.98427,5.91099,0
1.99601,5.89624,0
1.98832,5.90838,0
1.96059,5.91701,0
1.96915,5.9197,0
1.96507,5.90159,0
1.95249,5.91107,0
1.9498,5.95144,0
1.94566,5.91774,0
1.95094,5.93911,0
1.93203,5.9664,0
1.91429,5.94394,0
1.89546,5.96699,0
1.90821,5.95759,0
1.91432,5.95033,0
1.90072,5.95954,0
1.89481,5.99595,0
1.9132,6.00795,0
1.90294,5.98156,0
1.87785,5.98296,0
1.85843,5.95852,0
1.83934,5.99753,0
1.8651,6.03595,0
1.82248,6.01377,0
1.83802,6.03917,0
1.87019,6.05312,0
1.8479,6.0431,0
1.80068,6.05274,0
1.84975,6.00418,0
1.80292,6.04326,0
1.80432,6.0468,0
1.81437,6.03246,0
1.7817,6.07052,0
1.77316,6.0627,0
1.75549,6.0703,0
1.78483,6.09844,0
1.76399,6.04157,0
1.74938,6.08501,0
1.77453,6.06149,0
1.77733,6.10863,0
1.71241,6.10985,0
1.71526,6.10283,0
1.71895,6.11395,0
1.70581,6.08321,0
1.70963,6.15456,0
1.69933,6.10247,0
1.73201,6.09765,0
1.73099,6.16073,0
1.6958,6.15337,0
1.67577,6.09883,0
1.71033,6.1709,0
1.67178,6.18394,0
1.69465,6.15035,0
1.63442,6.16028,0
1.67984,6.14256,0
1.64238,6.18006,0
1.63005,6.16492,0
1.61705,6.19866,0
1.64441,6.15364,0
1.63427,6.16763,0
1.60102,6.21634,0
1.59749,6.18369,0
1.59916,6.21757,0
1.61471,6.18582,0
1.61422,6.23777,0
1.592,6.19635,0
1.54751,6.16612,0
1.55172,6.22523,0
1.55288,6.22519,0
1.58315,6.24983,0
1.55483,6.21125,0
1.53536,6.25483,0
1.5591,6.25718,0
1.52925,6.25059,0
1.48849,6.23571,0
1.53468,6.22705,0
1.48582,6.25479,0
1.54342,6.28691,0
1.48275,6.24649,0
1.47836,6.28324,0
1.49292,6.26515,0
1.51067,6.2705,0
1.4659,6.30341,0
1.44956,6.28782,0
1.45,6.30685,0
1.44614,6.34544,0
1.43873,6.31306,0
1.45732,6.32439,0
1.43962,6.28449,0
1.45585,6.33057,0
1.41748,6.3304,0
1.40055,6.3265,0
1.38666,6.34901,0
1.40055,6.32441,0
1.38692,6.35487,0
1.36833,6.305,0
1.38111,6.34026,0
1.40927,6.37134,0
1.37224,6.36014,0
1.38294,6.33729,0
1.34234,6.331,0
1.38881,6.35245,0
1.33555,6.35874,0
1.29351,6.3757,0
1.33474,6.3941,0
1.33644,6.40235,0
1.31044,6.42257,0
1.30759,6.39171,0
1.29923,6.37834,0
1.30859,6.42564,0
1.26636,6.43748,0
1.27636,6.41796,0
1.27527,6.42642,0
1.28688,6.43029,0
1.27901,6.47655,0
1.24424,6.49986,0
1.2545,6.44648,0
1.26472,6.44307,0
1.24318,6.45367,0
1.23534,6.44406,0
1.22319,6.42598,0
1.19614,6.44707,0
1.24496,6.47032,0
1.21477,6.47276,0
1.19995,6.47856,0
1.20998,6.46726,0
1.18442,6.46675,0
1.21591,6.49604,0
1.16641,6.49507,0
1.17965,6.47023,0
1.18912,6.48259,0
1.1938,6.51838,0
1.15763,6.50524,0
1.15621,6.49297,0
1.12841,6.54323,0
1.11754,6.4941,0
1.14237,6.52892,0
1.15526,6.53639,0
1.12239,6.54491,0
1.15747,6.50888,0
1.13146,6.52624,0
1.13651,6.54827,0
1.14841,6.54897,0
1.10594,6.53691,0
1.11102,6.53983,0
1.09875,6.49499,0
1.09541,6.58718,0
1.13085,6.56128,0
1.02229,6.56992,0
1.07383,6.55394,0
1.0703,6.58152,0
1.08578,6.573,0
1.03635,6.55875,0
1.06152,6.59035,0
1.0337,6.56676,0
1.01619,6.59311,0
1.01858,6.60558,0
1.01449,6.58848,0
0.996349,6.60003,0
0.965244,6.58879,0
0.972194,6.60032,0
0.988972,6.6102,0
0.990719,6.59186,0
0.97504,6.60054,0
0.930658,6.6402,0
0.974593,6.64474,0
0.96774,6.61475,0
0.968522,6.6073,0
0.991432,6.64046,0
0.93814,6.61923,0
0.94157,6.61905,0
0.943515,6.61053,0
0.938538,6.67181,0
0.940062,6.66057,0
0.896533,6.6254,0
0.880707,6.63203,0
0.88368,6.66717,0
0.90138,6.64273,0
0.905764,6.66899,0
0.907567,6.67945,0
0.90795,6.69613,0
0.868151,6.65967,0
0.836798,6.67051,0
0.862348,6.69501,0
0.868059,6.6875,0
0.838424,6.69947,0
0.83512,6.66897,0
0.831682,6.70293,0
0.824885,6.71375,0
0.81441,6.72911,0
0.840966,6.69883,0
0.818957,6.66621,0
0.846573,6.69931,0
0.775495,6.7147,0
0.803961,6.74284,0
0.799079,6.73313,0
0.758651,6.71977,0
0.783289,6.72905,0
0.828899,6.71459,0
0.765257,6.71351,0
0.787309,6.7151,0
0.763382,6.68793,0
0.734567,6.75599,0
0.715596,6.75765,0
0.772058,6.75095,0
0.754449,6.75274,0
0.692517,6.74891,0
0.721994,6.74494,0
0.737339,6.73856,0
0.749268,6.72105,0
0.685347,6.7321,0
0.716208,6.79566,0
0.729256,6.76564,0
0.707239,6.74465,0
0.719921,6.7676,0
0.694417,6.7655,0
0.659373,6.72849,0
0.663462,6.76276,0
0.665072,6.8039,0
0.64976,6.7753,0
0.632489,6.75264,0
0.628002,6.76754,0
0.665677,6.77726,0
0.615322,6.78473,0
0.62655,6.77016,0
0.614693,6.77658,0
0.622738,6.80312,0
0.58384,6.83065,0
0.62881,6.82174,0
0.587636,6.82141,0
0.612196,6.80583,0
0.553844,6.81529,0
0.598592,6.80025,0
0.581674,6.82923,0
0.577772,6.81292,0
0.57365,6.83313,0
0.560516,6.81548,0
0.563783,6.81393,0
0.531733,6.82361,0
0.580198,6.86903,0
0.5327,6.82597,0
0.564918,6.86075,0
0.517671,6.79841,0
0.516078,6.83644,0
0.535915,6.87742,0
0.5197,6.84448,0
0.501003,6.80735,0
0.478378,6.84922,0
0.49831,6.8671,0
0.491922,6.86055,0
0.450307,6.8352,0
0.454345,6.88269,0
0.476076,6.90513,0
0.483135,6.88235,0
0.464911,6.84305,0
0.454487,6.8455,0
0.440457,6.85522,0
0.46936,6.8252,0
0.436961,6.91372,0
0.448375,6.86583,0
0.388859,6.89352,0
0.430149,6.87286,0
0.402199,6.86417,0
0.396685,6.87481,0
0.376698,6.8792,0
0.382663,6.87022,0
0.395182,6.87634,0
0.40582,6.89663,0
0.382178,6.89625,0
0.392302,6.89671,0
0.360886,6.89572,0
0.344613,6.87123,0
0.366422,6.91221,0
0.333689,6.89098,0
0.333776,6.88586,0
0.351072,6.91057,0
0.345706,6.93085,0
0.31269,6.90277,0
0.327553,6.92539,0
0.322817,6.91755,0
0.266553,6.87591,0
0.33303,6.91152,0
0.289168,6.92206,0
0.301714,6.91513,0
0.30877,6.94327,0
0.259437,6.89684,0
0.299181,6.94416,0
0.268572,6.90468,0
0.30074,6.87978,0
0.235477,6.8959,0
0.303146,6.92491,0
0.262898,6.94728,0
0.214835,6.95389,0
0.226244,6.93839,0
0.22952,6.92346,0
0.193856,6.9249,0
0.186593,6.93277,0
0.240946,6.92787,0
0.161412,6.90817,0
0.188135,6.93715,0
0.219744,6.96723,0
0.187833,6.93901,0
0.223929,6.95035,0
0.212398,6.94402,0
0.170423,6.95967,0
0.177626,6.95703,0
0.164012,6.94671,0
0.165544,6.9663,0
0.198582,6.92567,0
0.137764,6.9914,0
0.127218,6.944,0
0.126214,6.9493,0
0.183687,6.96044,0
0.132884,6.95476,0
0.100877,6.9627,0
0.137942,6.98863,0
0.123362,7.01311,0
0.139581,6.94425,0
0.126592,6.96203,0
0.0830808,6.97408,0
0.0865315,6.92443,0
0.107365,7.02152,0
0.107642,6.96025,0
0.101361,6.93728,0
0.0782532,6.95771,0
0.100107,6.98848,0
0.09457,6.97208,0
0.0240564,6.99518,0
0.0908371,6.92639,0
0.0549798,7.01872,0
0.0560001,6.98101,0
0.0458292,6.98769,0
0.0407588,6.9479,0
0.0466846,7.00611,0
0.0409279,6.96667,0
0.0595217,6.98459,0
0.0305111,6.95509,0
0.0171655,6.99612,0
-0.0513875,6.99707,0
-0.0215896,6.97686,0
0.000887109,6.99193,0
-0.0100914,6.97754,0
-0.0250497,6.99038,0
-0.0263118,6.98973,0
0.00571235,6.98196,0
-0.0351192,6.99498,0
-0.0171465,6.9833,0
-0.0392767,6.99187,0
-0.0237085,6.95961,0
-0.0275193,7.0266,0
-0.0872291,6.95974,0
-0.0428596,6.97021,0
-0.0801544,6.98857,0
-0.0903633,7.02644,0
-0.0643697,6.96655,0
-0.0927331,6.97333,0
-0.0725273,6.98247,0
-0.050891,7.0072,0
-0.113502,7.0003,0
-0.0408479,6.98911,0
-0.10247,7.00984,0
-0.0870087,6.98426,0
-0.104231,7.01478,0
-0.151417,7.02424,0
-0.103155,7.03255,0
-0.150331,6.9966,0
-0.158525,6.9922,0
-0.148289,6.98802,0
-0.17321,6.99031,0
-0.157236,6.99948,0
-0.149141,7.03487,0
-0.156345,7.02481,0
-0.144638,7.02694,0
-0.177418,6.97256,0
-0.195555,6.99836,0
-0.170103,7.00471,0
-0.174642,6.96846,0
-0.174357,6.99623,0
-0.219784,7.00942,0
-0.196042,6.95353,0
-0.18164,7.00736,0
-0.237229,7.00182,0
-0.214544,6.98002,0
-0.210918,7.02321,0
-0.240632,6.98006,0
-0.189151,7.02875,0
-0.245193,7.02156,0
-0.239992,6.98149,0
-0.276783,6.98603,0
-0.23514,7.00718,0
-0.27747,7.01341,0
-0.243347,6.99897,0
-0.272583,7.03229,0
-0.254451,6.96737,0
-0.277739,6.97654,0
-0.279102,6.99631,0
-0.313659,7.02544,0
-0.309603,7.00588,0
-0.28187,6.99308,0
-0.264604,6.99395,0
-0.283302,7.01673,0
-0.305232,6.9979,0
-0.323436,7.0032,0
-0.305854,6.99693,0
-0.368102,7.00997,0
-0.332387,6.97329,0
-0.323903,6.99643,0
-0.346647,7.0027,0
-0.350605,6.98157,0
-0.313928,7.00337,0
-0.342434,6.99127,0
-0.342854,7.03186,0
-0.352338,6.98459,0
-0.366368,6.95642,0
-0.380442,6.97512,0
-0.360315,6.97924,0
-0.387677,6.98847,0
-0.396782,6.98044,0
-0.358006,6.99572,0
-0.421028,7.01125,0
-0.409103,6.98872,0
-0.375064,7.03644,0
-0.391519,6.99766,0
-0.406463,6.9841,0
-0.387425,6.99022,0
-0.40268,6.99041,0
-0.40065,6.95506,0
-0.407686,6.98053,0
-0.458016,6.97103,0
-0.464293,6.98901,0
-0.431072,6.96617,0
-0.470197,6.96165,0
-0.477885,6.96799,0
-0.451872,6.98763,0
-0.463837,6.98793,0
-0.507313,6.97016,0
-0.467206,6.97138,0
-0.464015,6.98844,0
-0.487319,6.98784,0
-0.481169,6.97916,0
-0.521551,6.99023,0
-0.486655,7.01597,0
-0.529622,6.97905,0
-0.491885,6.94052,0
-0.516665,7.02171,0
-0.486181,6.96858,0
-0.523919,6.99035,0
-0.532475,6.95653,0
-0.523555,6.95056,0
-0.54499,6.95555,0
-0.526586,6.99148,0
-0.524353,7.02309,0
-0.49023,7.00853,0
-0.523245,6.95111,0
-0.524167,6.94539,0
-0.523233,6.9846,0
-0.540045,6.94007,0
-0.562238,6.94627,0
-0.562004,6.95862,0
-0.526295,6.95843,0
-0.586986,6.93509,0
-0.604448,6.95109,0
-0.587143,6.94994,0
-0.620794,6.97451,0
-0.586441,6.97042,0
-0.592778,6.96525,0
-0.599714,6.97268,0
-0.631911,6.91053,0
-0.630691,6.96252,0
-0.634477,6.95082,0
-0.612826,6.93813,0
-0.594986,6.93381,0
-0.621322,6.97122,0
-0.589095,6.94368,0
-0.643489,6.93322,0
-0.691398,6.93907,0
-0.633839,6.90013,0
-0.631265,6.9014,0
-0.646097,6.96311,0
-0.632399,6.97223,0
-0.663899,6.95247,0
-0.668103,6.98054,0
-0.686656,6.93197,0
-0.687714,6.95824,0
-0.701008,6.96102,0
-0.69726,6.94512,0
-0.716101,6.92559,0
-0.691181,6.96249,0
-0.700757,6.91284,0
-0.69025,6.89676,0
-0.697103,6.90914,0
-0.716454,6.91633,0
-0.7416,6.90146,0
-0.692637,6.87204,0
-0.707583,6.90951,0
-0.710669,6.8722,0
-0.730961,6.92405,0
-0.756625,6.91663,0
-0.760443,6.91427,0
-0.779402,6.91192,0
-0.746843,6.88779,0
-0.760092,6.87684,0
-0.731131,6.89991,0
-0.756471,6.92489,0
-0.740398,6.89919,0
-0.795332,6.86109,0
-0.786277,6.9072,0
-0.81227,6.87592,0
-0.796694,6.89021,0
-0.828562,6.87135,0
-0.790562,6.88724,0
-0.818209,6.87249,0
-0.774083,6.86029,0
-0.788443,6.88562,0
-0.790815,6.85528,0
-0.803585,6.86905,0
-0.812113,6.89413,0
-0.853383,6.88052,0
-0.837705,6.83766,0
-0.781813,6.84356,0
-0.84119,6.86502,0
-0.832947,6.88252,0
-0.849907,6.88604,0
